fecha,ticker,id_instrumento,beta,sox_estimado,apertura_sellada,puntaje_entero_q88,puntaje_entero_pp,puntaje_flotante_pp,error_abs_pp,decision_entero,decision_flotante,saturo
2026-07-27,000660.KS,0,0.82,-2.232263877463078,-1.83,-571,-2.230469,-2.232264,0.00179513,1,1,0
2026-07-27,005930.KS,1,0.66,-2.232263877463078,-1.47,-571,-2.230469,-2.232264,0.00179513,1,1,0
2026-07-27,2330.TW,2,0.34,-2.232263877463078,-0.76,-571,-2.230469,-2.232264,0.00179513,1,1,0
2026-07-27,3436.T,3,0.65,-2.232263877463078,-1.45,-571,-2.230469,-2.232264,0.00179513,1,1,0
2026-07-27,4063.T,4,0.36,-2.232263877463078,-0.79,-571,-2.230469,-2.232264,0.00179513,1,1,0
2026-07-27,6857.T,5,0.65,-2.232263877463078,-1.46,-571,-2.230469,-2.232264,0.00179513,1,1,0
2026-07-27,8035.T,6,0.59,-2.232263877463078,-1.32,-571,-2.230469,-2.232264,0.00179513,1,1,0
2026-07-27,IFX.DE,7,0.08,-2.232263877463078,-0.18,-571,-2.230469,-2.232264,0.00179513,1,1,0
2026-07-28,000660.KS,0,0.84,-4.4804871709182725,-3.76,-1147,-4.480469,-4.480487,1.842e-05,1,1,0
2026-07-28,005930.KS,1,0.67,-4.4804871709182725,-3.0,-1147,-4.480469,-4.480487,1.842e-05,1,1,0
2026-07-28,2330.TW,2,0.34,-4.4804871709182725,-1.54,-1147,-4.480469,-4.480487,1.842e-05,1,1,0
2026-07-28,3436.T,3,0.68,-4.4804871709182725,-3.05,-1147,-4.480469,-4.480487,1.842e-05,1,1,0
2026-07-28,4063.T,4,0.36,-4.4804871709182725,-1.63,-1147,-4.480469,-4.480487,1.842e-05,1,1,0
2026-07-28,6857.T,5,0.67,-4.4804871709182725,-2.99,-1147,-4.480469,-4.480487,1.842e-05,1,1,0
2026-07-28,8035.T,6,0.61,-4.4804871709182725,-2.73,-1147,-4.480469,-4.480487,1.842e-05,1,1,0
2026-07-28,IFX.DE,7,0.1,-4.4804871709182725,-0.45,-1147,-4.480469,-4.480487,1.842e-05,1,1,0
2026-07-29,000660.KS,0,0.86,-5.337335106574171,-4.59,-1366,-5.335938,-5.337335,0.00139761,1,1,0
2026-07-29,005930.KS,1,0.68,-5.337335106574171,-3.63,-1366,-5.335938,-5.337335,0.00139761,1,1,0
2026-07-29,2330.TW,2,0.35,-5.337335106574171,-1.87,-1366,-5.335938,-5.337335,0.00139761,1,1,0
2026-07-29,3436.T,3,0.69,-5.337335106574171,-3.68,-1366,-5.335938,-5.337335,0.00139761,1,1,0
2026-07-29,4063.T,4,0.37,-5.337335106574171,-1.99,-1366,-5.335938,-5.337335,0.00139761,1,1,0
2026-07-29,6857.T,5,0.66,-5.337335106574171,-3.5,-1366,-5.335938,-5.337335,0.00139761,1,1,0
2026-07-29,8035.T,6,0.63,-5.337335106574171,-3.38,-1366,-5.335938,-5.337335,0.00139761,1,1,0
2026-07-29,IFX.DE,7,0.11,-5.337335106574171,-0.58,-1366,-5.335938,-5.337335,0.00139761,1,1,0
2026-07-30,000660.KS,0,0.84,8.218909642401021,6.91,2104,8.21875,8.21891,0.00015964,2,2,0
2026-07-30,005930.KS,1,0.64,8.218909642401021,5.28,2104,8.21875,8.21891,0.00015964,2,2,0
2026-07-30,2330.TW,2,0.34,8.218909642401021,2.8,2104,8.21875,8.21891,0.00015964,2,2,0
2026-07-30,3436.T,3,0.68,8.218909642401021,5.59,2104,8.21875,8.21891,0.00015964,2,2,0
2026-07-30,4063.T,4,0.35,8.218909642401021,2.85,2104,8.21875,8.21891,0.00015964,2,2,0
2026-07-30,6857.T,5,0.57,8.218909642401021,4.68,2104,8.21875,8.21891,0.00015964,2,2,0
2026-07-30,8035.T,6,0.59,8.218909642401021,4.83,2104,8.21875,8.21891,0.00015964,2,2,0
2026-07-30,IFX.DE,7,0.13,8.218909642401021,1.09,2104,8.21875,8.21891,0.00015964,2,2,0
2026-07-31,000660.KS,0,0.98,0.07446972262414187,0.07,19,0.074219,0.07447,0.00025097,0,0,0
2026-07-31,005930.KS,1,0.77,0.07446972262414187,0.06,19,0.074219,0.07447,0.00025097,0,0,0
2026-07-31,2330.TW,2,0.38,0.07446972262414187,0.03,19,0.074219,0.07447,0.00025097,0,0,0
2026-07-31,3436.T,3,0.77,0.07446972262414187,0.06,19,0.074219,0.07447,0.00025097,0,0,0
2026-07-31,4063.T,4,0.36,0.07446972262414187,0.03,19,0.074219,0.07447,0.00025097,0,0,0
2026-07-31,6857.T,5,0.66,0.07446972262414187,0.05,19,0.074219,0.07447,0.00025097,0,0,0
2026-07-31,8035.T,6,0.62,0.07446972262414187,0.04,19,0.074219,0.07447,0.00025097,0,0,0
2026-07-31,IFX.DE,7,0.09,0.07446972262414187,0.01,19,0.074219,0.07447,0.00025097,0,0,0
2026-08-03,2330.TW,2,0.38,1.0607412491420727,0.4,272,1.0625,1.060741,0.00175875,2,2,0
2026-08-03,3436.T,3,0.77,1.0607412491420727,0.82,272,1.0625,1.060741,0.00175875,2,2,0
2026-08-03,4063.T,4,0.35,1.0607412491420727,0.37,272,1.0625,1.060741,0.00175875,2,2,0
2026-08-03,IFX.DE,7,0.12,1.0607412491420727,0.12,272,1.0625,1.060741,0.00175875,2,2,0
2026-08-04,000660.KS,0,0.99,6.575009948269001,6.52,1683,6.574219,6.57501,0.0007912,2,2,0
2026-08-04,005930.KS,1,0.78,6.575009948269001,5.14,1683,6.574219,6.57501,0.0007912,2,2,0
2026-08-04,2330.TW,2,0.38,6.575009948269001,2.48,1683,6.574219,6.57501,0.0007912,2,2,0
2026-08-04,3436.T,3,0.77,6.575009948269001,5.06,1683,6.574219,6.57501,0.0007912,2,2,0
2026-08-04,4063.T,4,0.35,6.575009948269001,2.3,1683,6.574219,6.57501,0.0007912,2,2,0
2026-08-04,6857.T,5,0.63,6.575009948269001,4.14,1683,6.574219,6.57501,0.0007912,2,2,0
2026-08-04,8035.T,6,0.64,6.575009948269001,4.19,1683,6.574219,6.57501,0.0007912,2,2,0
2026-08-04,IFX.DE,7,0.11,6.575009948269001,0.75,1683,6.574219,6.57501,0.0007912,2,2,0
2026-08-05,000660.KS,0,0.99,-1.39851432398697,-1.38,-358,-1.398438,-1.398514,7.682e-05,1,1,0
2026-08-05,005930.KS,1,0.77,-1.39851432398697,-1.08,-358,-1.398438,-1.398514,7.682e-05,1,1,0
2026-08-05,2330.TW,2,0.39,-1.39851432398697,-0.54,-358,-1.398438,-1.398514,7.682e-05,1,1,0
2026-08-05,3436.T,3,0.77,-1.39851432398697,-1.08,-358,-1.398438,-1.398514,7.682e-05,1,1,0
2026-08-05,4063.T,4,0.35,-1.39851432398697,-0.5,-358,-1.398438,-1.398514,7.682e-05,1,1,0
2026-08-05,6857.T,5,0.65,-1.39851432398697,-0.91,-358,-1.398438,-1.398514,7.682e-05,1,1,0
2026-08-05,8035.T,6,0.64,-1.39851432398697,-0.89,-358,-1.398438,-1.398514,7.682e-05,1,1,0
2026-08-05,IFX.DE,7,0.11,-1.39851432398697,-0.16,-358,-1.398438,-1.398514,7.682e-05,1,1,0
2026-08-07,000660.KS,0,1.0,2.5529780749770685,2.56,654,2.554688,2.552978,0.00170943,2,2,0
2026-08-07,005930.KS,1,0.78,2.5529780749770685,1.99,654,2.554688,2.552978,0.00170943,2,2,0
2026-08-07,2330.TW,2,0.39,2.5529780749770685,0.99,654,2.554688,2.552978,0.00170943,2,2,0
2026-08-07,3436.T,3,0.79,2.5529780749770685,2.01,654,2.554688,2.552978,0.00170943,2,2,0
2026-08-07,4063.T,4,0.34,2.5529780749770685,0.87,654,2.554688,2.552978,0.00170943,2,2,0
2026-08-07,6857.T,5,0.67,2.5529780749770685,1.71,654,2.554688,2.552978,0.00170943,2,2,0
2026-08-07,8035.T,6,0.65,2.5529780749770685,1.66,654,2.554688,2.552978,0.00170943,2,2,0
2026-08-07,IFX.DE,7,0.09,2.5529780749770685,0.24,654,2.554688,2.552978,0.00170943,2,2,0
2026-08-10,000660.KS,0,1.0,-2.9388304959289413,-2.94,-752,-2.9375,-2.93883,0.0013305,1,1,0
2026-08-10,005930.KS,1,0.78,-2.9388304959289413,-2.28,-752,-2.9375,-2.93883,0.0013305,1,1,0
2026-08-10,2330.TW,2,0.39,-2.9388304959289413,-1.14,-752,-2.9375,-2.93883,0.0013305,1,1,0
2026-08-10,3436.T,3,0.78,-2.9388304959289413,-2.3,-752,-2.9375,-2.93883,0.0013305,1,1,0
2026-08-10,4063.T,4,0.34,-2.9388304959289413,-1.01,-752,-2.9375,-2.93883,0.0013305,1,1,0
2026-08-10,6857.T,5,0.68,-2.9388304959289413,-1.99,-752,-2.9375,-2.93883,0.0013305,1,1,0
2026-08-10,8035.T,6,0.65,-2.9388304959289413,-1.92,-752,-2.9375,-2.93883,0.0013305,1,1,0
2026-08-10,IFX.DE,7,0.09,-2.9388304959289413,-0.27,-752,-2.9375,-2.93883,0.0013305,1,1,0
2026-08-11,000660.KS,0,0.99,0.8753932720232332,0.87,224,0.875,0.875393,0.00039327,2,2,0
2026-08-11,005930.KS,1,0.76,0.8753932720232332,0.66,224,0.875,0.875393,0.00039327,2,2,0
2026-08-11,2330.TW,2,0.38,0.8753932720232332,0.33,224,0.875,0.875393,0.00039327,2,2,0
2026-08-11,3436.T,3,0.78,0.8753932720232332,0.68,224,0.875,0.875393,0.00039327,2,2,0
2026-08-11,4063.T,4,0.34,0.8753932720232332,0.3,224,0.875,0.875393,0.00039327,2,2,0
2026-08-11,6857.T,5,0.67,0.8753932720232332,0.59,224,0.875,0.875393,0.00039327,2,2,0
2026-08-11,8035.T,6,0.65,0.8753932720232332,0.57,224,0.875,0.875393,0.00039327,2,2,0
2026-08-11,IFX.DE,7,0.09,0.8753932720232332,0.08,224,0.875,0.875393,0.00039327,2,2,0
2026-08-12,005930.KS,1,0.51,2.489252645502645,1.28,637,2.488281,2.489253,0.0009714,2,2,0
2026-08-12,3436.T,3,0.7,2.489252645502645,1.73,637,2.488281,2.489253,0.0009714,2,2,0
2026-08-12,4063.T,4,0.33,2.489252645502645,0.83,637,2.488281,2.489253,0.0009714,2,2,0
2026-08-12,8035.T,6,0.59,2.489252645502645,1.47,637,2.488281,2.489253,0.0009714,2,2,0
2026-08-12,IFX.DE,7,0.05,2.489252645502645,0.12,637,2.488281,2.489253,0.0009714,2,2,0
2026-08-13,000660.KS,0,1.0,0.4587833827893175,0.46,117,0.457031,0.458783,0.00175213,0,0,0
2026-08-13,005930.KS,1,0.77,0.4587833827893175,0.35,117,0.457031,0.458783,0.00175213,0,0,0
2026-08-13,2330.TW,2,0.38,0.4587833827893175,0.18,117,0.457031,0.458783,0.00175213,0,0,0
2026-08-13,3436.T,3,0.79,0.4587833827893175,0.36,117,0.457031,0.458783,0.00175213,0,0,0
2026-08-13,4063.T,4,0.34,0.4587833827893175,0.16,117,0.457031,0.458783,0.00175213,0,0,0
2026-08-13,6857.T,5,0.68,0.4587833827893175,0.31,117,0.457031,0.458783,0.00175213,0,0,0
2026-08-13,8035.T,6,0.65,0.4587833827893175,0.3,117,0.457031,0.458783,0.00175213,0,0,0
2026-08-13,IFX.DE,7,0.09,0.4587833827893175,0.04,117,0.457031,0.458783,0.00175213,0,0,0
2026-08-14,000660.KS,0,0.73,-0.314646110721794,-0.23,-81,-0.316406,-0.314646,0.00176014,0,0,0
2026-08-14,005930.KS,1,0.52,-0.314646110721794,-0.16,-81,-0.316406,-0.314646,0.00176014,0,0,0
2026-08-14,2330.TW,2,0.31,-0.314646110721794,-0.1,-81,-0.316406,-0.314646,0.00176014,0,0,0
2026-08-14,3436.T,3,0.7,-0.314646110721794,-0.22,-81,-0.316406,-0.314646,0.00176014,0,0,0
2026-08-14,4063.T,4,0.33,-0.314646110721794,-0.1,-81,-0.316406,-0.314646,0.00176014,0,0,0
2026-08-14,6857.T,5,0.54,-0.314646110721794,-0.17,-81,-0.316406,-0.314646,0.00176014,0,0,0
2026-08-14,8035.T,6,0.59,-0.314646110721794,-0.19,-81,-0.316406,-0.314646,0.00176014,0,0,0
2026-08-14,IFX.DE,7,0.05,-0.314646110721794,-0.01,-81,-0.316406,-0.314646,0.00176014,0,0,0
2026-08-17,005930.KS,1,0.77,1.6377154649186696,1.26,419,1.636719,1.637715,0.00099671,2,2,0
2026-08-17,3436.T,3,0.79,1.6377154649186696,1.29,419,1.636719,1.637715,0.00099671,2,2,0
2026-08-17,8035.T,6,0.65,1.6377154649186696,1.07,419,1.636719,1.637715,0.00099671,2,2,0
2026-08-17,IFX.DE,7,0.09,1.6377154649186696,0.15,419,1.636719,1.637715,0.00099671,2,2,0
2026-08-18,000660.KS,0,1.01,-4.982765830346476,-5.02,-1276,-4.984375,-4.982766,0.00160917,1,1,0
2026-08-18,005930.KS,1,0.77,-4.982765830346476,-3.82,-1276,-4.984375,-4.982766,0.00160917,1,1,0
2026-08-18,2330.TW,2,0.38,-4.982765830346476,-1.91,-1276,-4.984375,-4.982766,0.00160917,1,1,0
2026-08-18,3436.T,3,0.78,-4.982765830346476,-3.89,-1276,-4.984375,-4.982766,0.00160917,1,1,0
2026-08-18,4063.T,4,0.34,-4.982765830346476,-1.7,-1276,-4.984375,-4.982766,0.00160917,1,1,0
2026-08-18,6857.T,5,0.67,-4.982765830346476,-3.34,-1276,-4.984375,-4.982766,0.00160917,1,1,0
2026-08-18,8035.T,6,0.64,-4.982765830346476,-3.21,-1276,-4.984375,-4.982766,0.00160917,1,1,0
2026-08-18,IFX.DE,7,0.09,-4.982765830346476,-0.45,-1276,-4.984375,-4.982766,0.00160917,1,1,0
2026-08-19,000660.KS,0,0.75,-2.1193442319270135,-1.59,-543,-2.121094,-2.119344,0.00174952,1,1,0
2026-08-19,005930.KS,1,0.53,-2.1193442319270135,-1.11,-543,-2.121094,-2.119344,0.00174952,1,1,0
2026-08-19,2330.TW,2,0.31,-2.1193442319270135,-0.65,-543,-2.121094,-2.119344,0.00174952,1,1,0
2026-08-19,3436.T,3,0.7,-2.1193442319270135,-1.49,-543,-2.121094,-2.119344,0.00174952,1,1,0
2026-08-19,4063.T,4,0.33,-2.1193442319270135,-0.7,-543,-2.121094,-2.119344,0.00174952,1,1,0
2026-08-19,6857.T,5,0.53,-2.1193442319270135,-1.12,-543,-2.121094,-2.119344,0.00174952,1,1,0
2026-08-19,8035.T,6,0.58,-2.1193442319270135,-1.24,-543,-2.121094,-2.119344,0.00174952,1,1,0
2026-08-19,IFX.DE,7,0.06,-2.1193442319270135,-0.12,-543,-2.121094,-2.119344,0.00174952,1,1,0
2026-08-20,000660.KS,0,0.73,0.5266385767790261,0.39,135,0.527344,0.526639,0.00070517,2,2,0
2026-08-20,005930.KS,1,0.51,0.5266385767790261,0.27,135,0.527344,0.526639,0.00070517,2,2,0
2026-08-20,2330.TW,2,0.31,0.5266385767790261,0.16,135,0.527344,0.526639,0.00070517,2,2,0
2026-08-20,3436.T,3,0.71,0.5266385767790261,0.37,135,0.527344,0.526639,0.00070517,2,2,0
2026-08-20,4063.T,4,0.33,0.5266385767790261,0.17,135,0.527344,0.526639,0.00070517,2,2,0
2026-08-20,6857.T,5,0.53,0.5266385767790261,0.28,135,0.527344,0.526639,0.00070517,2,2,0
2026-08-20,8035.T,6,0.59,0.5266385767790261,0.31,135,0.527344,0.526639,0.00070517,2,2,0
2026-08-20,IFX.DE,7,0.07,0.5266385767790261,0.04,135,0.527344,0.526639,0.00070517,2,2,0
2026-08-21,000660.KS,0,0.99,-0.5052953280077462,-0.5,-129,-0.503906,-0.505295,0.00138908,1,1,0
2026-08-21,005930.KS,1,0.76,-0.5052953280077462,-0.38,-129,-0.503906,-0.505295,0.00138908,1,1,0
2026-08-21,2330.TW,2,0.38,-0.5052953280077462,-0.19,-129,-0.503906,-0.505295,0.00138908,1,1,0
2026-08-21,3436.T,3,0.8,-0.5052953280077462,-0.41,-129,-0.503906,-0.505295,0.00138908,1,1,0
2026-08-21,4063.T,4,0.35,-0.5052953280077462,-0.18,-129,-0.503906,-0.505295,0.00138908,1,1,0
2026-08-21,6857.T,5,0.65,-0.5052953280077462,-0.33,-129,-0.503906,-0.505295,0.00138908,1,1,0
2026-08-21,8035.T,6,0.64,-0.5052953280077462,-0.32,-129,-0.503906,-0.505295,0.00138908,1,1,0
2026-08-21,IFX.DE,7,0.09,-0.5052953280077462,-0.04,-129,-0.503906,-0.505295,0.00138908,1,1,0
2026-08-24,000660.KS,0,0.99,-2.7060188673558576,-2.68,-693,-2.707031,-2.706019,0.00101238,1,1,0
2026-08-24,005930.KS,1,0.76,-2.7060188673558576,-2.06,-693,-2.707031,-2.706019,0.00101238,1,1,0
2026-08-24,2330.TW,2,0.38,-2.7060188673558576,-1.03,-693,-2.707031,-2.706019,0.00101238,1,1,0
2026-08-24,3436.T,3,0.8,-2.7060188673558576,-2.17,-693,-2.707031,-2.706019,0.00101238,1,1,0
2026-08-24,4063.T,4,0.35,-2.7060188673558576,-0.96,-693,-2.707031,-2.706019,0.00101238,1,1,0
2026-08-24,6857.T,5,0.66,-2.7060188673558576,-1.77,-693,-2.707031,-2.706019,0.00101238,1,1,0
2026-08-24,8035.T,6,0.64,-2.7060188673558576,-1.73,-693,-2.707031,-2.706019,0.00101238,1,1,0
2026-08-24,IFX.DE,7,0.09,-2.7060188673558576,-0.23,-693,-2.707031,-2.706019,0.00101238,1,1,0
2026-08-25,000660.KS,0,0.96,1.4374542095371579,1.38,368,1.4375,1.437454,4.579e-05,2,2,0
2026-08-25,005930.KS,1,0.72,1.4374542095371579,1.04,368,1.4375,1.437454,4.579e-05,2,2,0
2026-08-25,2330.TW,2,0.37,1.4374542095371579,0.53,368,1.4375,1.437454,4.579e-05,2,2,0
2026-08-25,3436.T,3,0.78,1.4374542095371579,1.12,368,1.4375,1.437454,4.579e-05,2,2,0
2026-08-25,4063.T,4,0.35,1.4374542095371579,0.5,368,1.4375,1.437454,4.579e-05,2,2,0
2026-08-25,6857.T,5,0.65,1.4374542095371579,0.93,368,1.4375,1.437454,4.579e-05,2,2,0
2026-08-25,8035.T,6,0.63,1.4374542095371579,0.91,368,1.4375,1.437454,4.579e-05,2,2,0
2026-08-25,IFX.DE,7,0.11,1.4374542095371579,0.15,368,1.4375,1.437454,4.579e-05,2,2,0
2026-08-26,000660.KS,0,0.95,0.19943984888946786,0.19,51,0.199219,0.19944,0.0002211,0,0,0
2026-08-26,005930.KS,1,0.71,0.19943984888946786,0.14,51,0.199219,0.19944,0.0002211,0,0,0
2026-08-26,2330.TW,2,0.37,0.19943984888946786,0.07,51,0.199219,0.19944,0.0002211,0,0,0
2026-08-26,3436.T,3,0.77,0.19943984888946786,0.15,51,0.199219,0.19944,0.0002211,0,0,0
2026-08-26,4063.T,4,0.34,0.19943984888946786,0.07,51,0.199219,0.19944,0.0002211,0,0,0
2026-08-26,6857.T,5,0.64,0.19943984888946786,0.13,51,0.199219,0.19944,0.0002211,0,0,0
2026-08-26,8035.T,6,0.63,0.19943984888946786,0.13,51,0.199219,0.19944,0.0002211,0,0,0
2026-08-26,IFX.DE,7,0.11,0.19943984888946786,0.02,51,0.199219,0.19944,0.0002211,0,0,0
2026-08-27,000660.KS,0,0.94,2.332277551020408,2.2,597,2.332031,2.332278,0.0002463,2,2,0
2026-08-27,005930.KS,1,0.71,2.332277551020408,1.65,597,2.332031,2.332278,0.0002463,2,2,0
2026-08-27,2330.TW,2,0.37,2.332277551020408,0.85,597,2.332031,2.332278,0.0002463,2,2,0
2026-08-27,3436.T,3,0.77,2.332277551020408,1.8,597,2.332031,2.332278,0.0002463,2,2,0
2026-08-27,4063.T,4,0.34,2.332277551020408,0.8,597,2.332031,2.332278,0.0002463,2,2,0
2026-08-27,6857.T,5,0.65,2.332277551020408,1.51,597,2.332031,2.332278,0.0002463,2,2,0
2026-08-27,8035.T,6,0.63,2.332277551020408,1.47,597,2.332031,2.332278,0.0002463,2,2,0
2026-08-27,IFX.DE,7,0.1,2.332277551020408,0.23,597,2.332031,2.332278,0.0002463,2,2,0
2026-08-28,000660.KS,0,0.92,-3.464566381528618,-3.19,-887,-3.464844,-3.464566,0.00027737,1,1,0
2026-08-28,005930.KS,1,0.69,-3.464566381528618,-2.38,-887,-3.464844,-3.464566,0.00027737,1,1,0
2026-08-28,2330.TW,2,0.36,-3.464566381528618,-1.24,-887,-3.464844,-3.464566,0.00027737,1,1,0
2026-08-28,3436.T,3,0.75,-3.464566381528618,-2.59,-887,-3.464844,-3.464566,0.00027737,1,1,0
2026-08-28,4063.T,4,0.33,-3.464566381528618,-1.14,-887,-3.464844,-3.464566,0.00027737,1,1,0
2026-08-28,6857.T,5,0.61,-3.464566381528618,-2.13,-887,-3.464844,-3.464566,0.00027737,1,1,0
2026-08-28,8035.T,6,0.61,-3.464566381528618,-2.12,-887,-3.464844,-3.464566,0.00027737,1,1,0
2026-08-28,IFX.DE,7,0.09,-3.464566381528618,-0.32,-887,-3.464844,-3.464566,0.00027737,1,1,0
