id,fecha_senal,ticker,apertura_estimada_pct,retorno_real_pct,acierto_direccion,error_pp,verificado_en,gap_pct,acierto_gap,error_gap_pp,modelo_version,legacy
1,2026-07-05,000660.KS,-4.88,-3.3814,1,1.4986,2026-07-08T22:57:55.966843+00:00,1.0309,0,5.9109,4.6.0,0
2,2026-07-05,005930.KS,-3.91,2.7464,0,6.6564,2026-07-08T22:57:56.391613+00:00,3.3926,0,7.3026,4.6.0,0
3,2026-07-05,2330.TW,-2.04,0.6135,0,2.6535,2026-07-08T22:57:56.843068+00:00,0.818,0,2.858,4.6.0,0
4,2026-07-05,3436.T,-3.78,1.5116,0,5.2916,2026-07-08T22:57:57.273765+00:00,-0.1178,1,3.6622,4.6.0,0
5,2026-07-05,4063.T,-1.88,6.568,0,8.448,2026-07-08T22:57:57.743440+00:00,1.4372,0,3.3172,4.6.0,0
6,2026-07-05,6857.T,-3.71,0.7497,0,4.4597,2026-07-08T22:57:58.228290+00:00,1.7039,0,5.4139,4.6.0,0
7,2026-07-05,8035.T,-3.15,-1.2022,1,1.9478,2026-07-08T22:57:58.751137+00:00,1.2158,0,4.3658,4.6.0,0
8,2026-07-05,IFX.DE,-0.39,-0.2197,1,0.1703,2026-07-08T22:57:59.181989+00:00,-1.6929,1,1.3029,4.6.0,0
9,2026-07-08,000660.KS,1.97,5.2987,1,3.3287,2026-07-09T23:08:02.776768+00:00,7.3218,1,5.3518,4.6.0,0
10,2026-07-08,005930.KS,1.53,0.1802,1,1.3498,2026-07-09T23:08:03.367176+00:00,3.964,1,2.434,4.6.0,0
11,2026-07-08,2330.TW,0.78,-2.0284,0,2.8084,2026-07-09T23:08:03.958397+00:00,-0.6085,0,1.3885,4.6.0,0
12,2026-07-08,3436.T,1.45,0.8209,1,0.6291,2026-07-09T23:08:04.550629+00:00,3.6166,1,2.1666,4.6.0,0
13,2026-07-08,4063.T,0.7,1.3006,1,0.6006,2026-07-09T23:08:05.081695+00:00,-0.289,0,0.989,4.6.0,0
14,2026-07-08,6857.T,1.49,5.8631,1,4.3731,2026-07-09T23:08:05.721122+00:00,4.9192,1,3.4292,4.6.0,0
15,2026-07-08,8035.T,1.29,5.5085,1,4.2185,2026-07-09T23:08:06.303177+00:00,3.7862,1,2.4962,4.6.0,0
16,2026-07-08,IFX.DE,0.15,4.3385,1,4.1885,2026-07-13T23:08:15.191823+00:00,3.798,1,3.648,4.6.0,0
17,2026-07-09,000660.KS,2.73,-0.2745,0,3.0045,2026-07-13T23:08:16.642857+00:00,5.032,1,2.302,4.6.0,0
18,2026-07-09,005930.KS,2.11,2.518,1,0.408,2026-07-13T23:08:17.043643+00:00,4.6763,1,2.5663,4.6.0,0
19,2026-07-09,2330.TW,1.06,0.0,1,1.06,2026-07-13T23:08:17.488426+00:00,0.0,1,1.06,4.6.0,0
20,2026-07-09,3436.T,1.98,15.4049,1,13.4249,2026-07-13T23:08:17.907122+00:00,6.162,1,4.182,4.6.0,0
21,2026-07-09,4063.T,0.96,4.4223,1,3.4623,2026-07-13T23:08:18.366118+00:00,3.495,1,2.535,4.6.0,0
22,2026-07-09,6857.T,2.06,2.2977,1,0.2377,2026-07-13T23:08:18.796943+00:00,3.4294,1,1.3694,4.6.0,0
23,2026-07-09,8035.T,1.79,2.6457,1,0.8557,2026-07-13T23:08:19.317381+00:00,2.5894,1,0.7994,4.6.0,0
24,2026-07-09,IFX.DE,0.22,-1.1861,0,1.4061,2026-07-13T23:08:19.772757+00:00,-2.454,0,2.674,4.6.0,0
25,2026-07-13,2330.TW,-1.62,-0.8197,1,0.8003,2026-07-14T22:15:15.622032+00:00,-1.2295,1,0.3905,4.6.0,0
26,2026-07-13,4063.T,-1.54,1.7847,0,3.3247,2026-07-14T22:15:16.123427+00:00,-0.6131,1,0.9269,4.6.0,0
27,2026-07-13,6857.T,-3.22,3.3137,0,6.5337,2026-07-14T22:15:16.598949+00:00,-1.7349,1,1.4851,4.6.0,0
28,2026-07-13,IFX.DE,-0.35,2.0605,0,2.4105,2026-07-15T23:39:16.712687+00:00,-0.9237,1,0.5737,4.6.0,0
29,2026-07-14,000660.KS,2.19,8.8343,1,6.6443,2026-07-15T23:39:17.396834+00:00,10.8207,1,8.6307,4.6.0,0
30,2026-07-14,2330.TW,0.86,0.8264,1,0.0336,2026-07-15T23:46:30.027694+00:00,0.2066,1,0.6534,4.6.0,0
31,2026-07-14,3436.T,1.68,-4.3904,0,6.0704,2026-07-15T23:46:33.700992+00:00,1.1871,1,0.4929,4.6.0,0
32,2026-07-14,4063.T,0.79,2.9313,1,2.1413,2026-07-15T23:46:34.189686+00:00,1.4857,1,0.6957,4.6.0,0
33,2026-07-14,6857.T,1.65,5.827,1,4.177,2026-07-15T23:46:34.655656+00:00,1.3602,1,0.2898,4.6.0,0
34,2026-07-14,8035.T,1.48,4.3723,1,2.8923,2026-07-15T23:46:35.124253+00:00,1.0825,1,0.3975,4.6.0,0
35,2026-07-14,005930.KS,1.69,6.2738,1,4.5838,2026-07-16T22:15:15.449966+00:00,7.7947,1,6.1047,4.6.0,0
36,2026-07-14,IFX.DE,0.19,-6.2796,0,6.4696,2026-07-16T22:15:16.001354+00:00,1.1139,1,0.9239,4.6.0,0
37,2026-07-15,000660.KS,-1.82,-11.5274,1,9.7074,2026-07-16T22:15:16.595824+00:00,-8.6455,1,6.8255,4.6.0,0
38,2026-07-15,005930.KS,-1.42,-8.7657,1,7.3457,2026-07-16T22:15:17.097100+00:00,-5.3667,1,3.9467,4.6.0,0
39,2026-07-15,2330.TW,-0.69,1.2295,0,1.9195,2026-07-16T22:15:17.606319+00:00,-0.4098,1,0.2802,4.6.0,0
40,2026-07-15,3436.T,-1.34,-9.0658,1,7.7258,2026-07-16T22:15:18.102963+00:00,-5.4001,1,4.0601,4.6.0,0
41,2026-07-15,4063.T,-0.65,-4.2783,1,3.6283,2026-07-16T22:15:18.665619+00:00,-3.1079,1,2.4579,4.6.0,0
42,2026-07-15,6857.T,-1.37,-5.9346,1,4.5646,2026-07-16T22:15:19.223383+00:00,-2.6658,1,1.2958,4.6.0,0
43,2026-07-15,8035.T,-1.22,-4.5124,1,3.2924,2026-07-16T22:15:19.843011+00:00,-4.0409,1,2.8209,4.6.0,0
44,2026-07-15,IFX.DE,-0.15,-3.8627,1,3.7127,2026-07-17T22:15:16.645949+00:00,0.1337,0,0.2837,4.6.0,0
45,2026-07-16,2330.TW,-1.42,-7.2874,1,5.8674,2026-07-17T22:15:18.430371+00:00,-3.8462,1,2.4262,4.6.0,0
46,2026-07-16,3436.T,-2.82,-15.1712,1,12.3512,2026-07-17T22:15:18.911823+00:00,-1.5171,1,1.3029,4.6.0,0
47,2026-07-16,4063.T,-1.37,-2.7714,1,1.4014,2026-07-17T22:15:19.396284+00:00,-2.0514,1,0.6814,4.6.0,0
48,2026-07-16,6857.T,-2.85,-7.2031,1,4.3531,2026-07-17T22:15:19.869533+00:00,-5.0607,1,2.2107,4.6.0,0
49,2026-07-16,8035.T,-2.55,-8.1676,1,5.6176,2026-07-17T22:15:20.522765+00:00,-5.4874,1,2.9374,4.6.0,0
50,2026-07-16,IFX.DE,-0.23,-1.6226,1,1.3926,2026-07-20T22:47:23.250453+00:00,-5.5324,1,5.3024,4.6.0,0
51,2026-07-17,000660.KS,-1.44,-4.2345,1,2.7945,2026-07-20T22:47:23.772102+00:00,-5.266,1,3.826,4.6.0,0
52,2026-07-17,005930.KS,-1.12,-4.3137,1,3.1937,2026-07-20T22:47:24.351898+00:00,-5.4902,1,4.3702,4.6.0,0
53,2026-07-17,2330.TW,-0.58,1.31,0,1.89,2026-07-20T22:47:25.036851+00:00,0.4367,0,1.0167,4.6.0,0
54,2026-07-17,3436.T,-1.15,-0.3577,1,0.7923,2026-07-21T23:02:22.228650+00:00,0.0255,0,1.1755,4.6.0,0
55,2026-07-17,4063.T,-0.53,0.6707,0,1.2007,2026-07-21T23:02:23.152479+00:00,0.6707,0,1.2007,4.6.0,0
56,2026-07-17,6857.T,-1.11,7.7259,0,8.8359,2026-07-21T23:02:24.386306+00:00,1.8179,0,2.9279,4.6.0,0
57,2026-07-17,8035.T,-1.01,2.2581,0,3.2681,2026-07-21T23:02:25.278943+00:00,-1.1521,1,0.1421,4.6.0,0
58,2026-07-17,IFX.DE,-0.1,0.5341,0,0.6341,2026-07-21T23:02:26.358667+00:00,0.8483,0,0.9483,4.6.0,0
59,2026-07-21,005930.KS,3.63,0.5792,1,3.0508,2026-07-22T23:01:44.281475+00:00,6.5637,1,2.9337,4.6.0,0
60,2026-07-21,3436.T,3.65,-2.9487,0,6.5987,2026-07-22T23:01:45.141503+00:00,5.1026,1,1.4526,4.6.0,0
61,2026-07-21,4063.T,1.69,-1.8043,0,3.4943,2026-07-22T23:01:46.076642+00:00,0.3886,1,1.3014,4.6.0,0
62,2026-07-21,6857.T,3.6,-0.1519,0,3.7519,2026-07-22T23:01:47.204511+00:00,4.2187,1,0.6187,4.6.0,0
63,2026-07-21,8035.T,3.23,-0.9163,0,4.1463,2026-07-22T23:01:47.955493+00:00,4.5065,1,1.2765,4.6.0,0
64,2026-07-21,000660.KS,4.64,-0.3268,0,4.9668,2026-07-23T23:19:34.260829+00:00,7.6797,1,3.0397,4.6.0,0
65,2026-07-22,000660.KS,0.38,4.8634,1,4.4834,2026-07-23T23:19:35.245563+00:00,4.3716,1,3.9916,4.6.0,0
66,2026-07-22,005930.KS,0.3,3.6468,1,3.3468,2026-07-23T23:19:35.939094+00:00,3.263,1,2.963,4.6.0,0
67,2026-07-22,2330.TW,0.15,0.2083,1,0.0583,2026-07-23T23:19:36.667724+00:00,-0.625,0,0.775,4.6.0,0
68,2026-07-22,3436.T,0.3,-1.0832,0,1.3832,2026-07-23T23:19:37.363132+00:00,4.8877,1,4.5877,4.6.0,0
69,2026-07-22,4063.T,0.14,-1.4841,0,1.6241,2026-07-23T23:19:38.088729+00:00,1.4841,1,1.3441,4.6.0,0
70,2026-07-22,6857.T,0.3,4.1068,1,3.8068,2026-07-23T23:19:38.899159+00:00,3.5322,1,3.2322,4.6.0,0
71,2026-07-22,8035.T,0.26,-0.0152,0,0.2752,2026-07-23T23:19:39.655758+00:00,0.7732,1,0.5132,4.6.0,0
72,2026-07-22,IFX.DE,0.03,-6.1748,0,6.2048,2026-07-24T22:15:21.517120+00:00,-4.1547,0,4.1847,4.6.0,0
73,2026-07-23,000660.KS,-0.43,-8.3377,1,7.9077,2026-07-24T22:15:22.218679+00:00,-1.3028,1,0.8728,4.6.0,0
74,2026-07-23,005930.KS,-0.33,-7.5926,1,7.2626,2026-07-24T22:15:22.937655+00:00,-1.4815,1,1.1515,4.6.0,0
75,2026-07-23,2330.TW,-0.17,-2.2869,1,2.1169,2026-07-24T22:15:23.809430+00:00,-2.079,1,1.909,4.6.0,0
76,2026-07-23,3436.T,-0.35,-3.2318,1,2.8818,2026-07-24T22:15:24.659615+00:00,-1.8697,1,1.5197,4.6.0,0
77,2026-07-23,4063.T,-0.16,-3.8451,1,3.6851,2026-07-24T22:15:25.484598+00:00,-1.9656,1,1.8056,4.6.0,0
78,2026-07-23,6857.T,-0.34,-6.0227,1,5.6827,2026-07-24T22:15:26.213076+00:00,-2.2727,1,1.9327,4.6.0,0
79,2026-07-23,8035.T,-0.31,-4.9886,1,4.6786,2026-07-24T22:15:27.078100+00:00,-1.5163,1,1.2063,4.6.0,0
80,2026-07-23,IFX.DE,-0.02,-1.6491,1,1.6291,2026-07-26T02:30:26.986507+00:00,-1.6644,1,1.6444,4.6.0,0
81,2026-07-24,000660.KS,-3.7,3.2405,0,6.9405,2026-07-27T22:17:17.891919+00:00,3.1268,0,6.8268,4.6.0,0
82,2026-07-24,2330.TW,-1.46,0.0,0,1.46,2026-07-27T22:33:10.996719+00:00,-0.8511,1,0.6089,4.6.0,0
83,2026-07-24,3436.T,-2.89,3.8366,0,6.7266,2026-07-27T22:33:11.745892+00:00,3.8642,0,6.7542,4.6.0,0
84,2026-07-24,4063.T,-1.41,-8.296,1,6.886,2026-07-27T22:33:12.570529+00:00,-3.4169,1,2.0069,4.6.0,0
85,2026-07-24,6857.T,-2.85,-1.952,1,0.898,2026-07-27T22:33:13.351582+00:00,1.5719,0,4.4219,4.6.0,0
86,2026-07-24,8035.T,-2.6,0.2234,0,2.8234,2026-07-27T22:33:14.127003+00:00,1.5959,0,4.1959,4.6.0,0
87,2026-07-24,005930.KS,-2.94,1.8036,0,4.7436,2026-07-28T22:30:55.150650+00:00,3.006,0,5.946,4.6.0,0
88,2026-07-24,IFX.DE,-0.35,-4.5335,1,4.1835,2026-07-28T22:30:55.985888+00:00,1.0868,0,1.4368,4.6.0,0
89,2026-07-27,000660.KS,-1.83,-14.6476,1,12.8176,2026-07-28T22:30:56.683614+00:00,-8.4802,1,6.6502,4.6.0,0
90,2026-07-27,005930.KS,-1.47,-13.3858,1,11.9158,2026-07-28T22:30:57.333492+00:00,-6.1024,1,4.6324,4.6.0,0
91,2026-07-27,2330.TW,-0.76,-2.9787,1,2.2187,2026-07-28T22:30:58.035076+00:00,-3.4043,1,2.6443,4.6.0,0
92,2026-07-27,3436.T,-1.45,-16.5338,1,15.0838,2026-07-28T22:30:58.703213+00:00,-9.9947,1,8.5447,4.6.0,0
93,2026-07-27,4063.T,-0.79,-4.4582,1,3.6682,2026-07-28T22:30:59.431446+00:00,-2.3755,1,1.5855,4.6.0,0
94,2026-07-27,6857.T,-1.46,-10.1128,1,8.6528,2026-07-28T22:31:00.745860+00:00,-6.6949,1,5.2349,4.6.0,0
95,2026-07-27,8035.T,-1.32,-10.9554,1,9.6354,2026-07-28T22:31:01.399910+00:00,-9.9841,1,8.6641,4.6.0,0
96,2026-07-27,IFX.DE,-0.18,-6.0498,1,5.8698,2026-07-30T01:23:51.482468+00:00,-2.0654,1,1.8854,4.6.0,0
97,2026-07-28,000660.KS,-3.76,-9.6129,1,5.8529,2026-07-30T01:23:53.790122+00:00,1.0968,0,4.8568,4.6.0,0
98,2026-07-28,005930.KS,-3.0,-5.2273,1,2.2273,2026-07-30T01:23:54.773330+00:00,2.9545,0,5.9545,4.6.0,0
99,2026-07-28,2330.TW,-1.54,-3.5088,1,1.9688,2026-07-30T01:23:55.627087+00:00,-0.8772,1,0.6628,4.6.0,0
100,2026-07-28,3436.T,-3.05,-6.0987,1,3.0487,2026-07-30T01:23:56.350417+00:00,0.0318,0,3.0818,4.6.0,0
101,2026-07-28,4063.T,-1.63,-3.0995,1,1.4695,2026-07-30T01:23:57.059885+00:00,-0.6301,1,0.9999,4.6.0,0
102,2026-07-28,6857.T,-2.99,-1.2152,1,1.7748,2026-07-30T01:23:57.892028+00:00,1.9208,0,4.9108,4.6.0,0
103,2026-07-28,8035.T,-2.73,-10.5866,1,7.8566,2026-07-30T01:23:58.728568+00:00,-3.5765,1,0.8465,4.6.0,0
104,2026-07-28,IFX.DE,-0.45,-5.695,1,5.245,2026-07-30T22:15:31.990093+00:00,-1.731,1,1.281,4.6.0,0
105,2026-07-29,000660.KS,-4.59,29.9546,0,34.5446,2026-07-31T23:40:48.960157+00:00,28.3661,0,32.9561,4.6.0,0
106,2026-07-29,005930.KS,-3.63,26.8116,0,30.4416,2026-07-31T23:40:49.673296+00:00,24.1546,0,27.7846,4.6.0,0
107,2026-07-29,2330.TW,-1.87,9.9773,0,11.8473,2026-07-31T23:40:50.356725+00:00,6.576,0,8.446,4.6.0,0
108,2026-07-29,3436.T,-3.68,17.5214,0,21.2014,2026-07-31T23:40:51.148610+00:00,17.5214,0,21.2014,4.6.0,0
109,2026-07-29,4063.T,-1.99,0.7644,0,2.7544,2026-07-31T23:40:51.918330+00:00,2.7971,0,4.7871,4.6.0,0
110,2026-07-29,6857.T,-3.5,16.3415,0,19.8415,2026-07-31T23:40:52.615676+00:00,16.4847,0,19.9847,4.6.0,0
111,2026-07-29,8035.T,-3.38,6.2404,0,9.6204,2026-07-31T23:40:53.392056+00:00,13.3997,0,16.7797,4.6.0,0
112,2026-07-29,IFX.DE,-0.58,9.1593,0,9.7393,2026-07-31T23:40:54.050390+00:00,-0.1468,1,0.4332,4.6.0,0
113,2026-07-30,000660.KS,6.91,29.9546,1,23.0446,2026-07-31T23:40:54.777019+00:00,28.3661,1,21.4561,4.6.0,0
114,2026-07-30,005930.KS,5.28,26.8116,1,21.5316,2026-07-31T23:40:55.470010+00:00,24.1546,1,18.8746,4.6.0,0
115,2026-07-30,2330.TW,2.8,9.9773,1,7.1773,2026-07-31T23:40:56.133970+00:00,6.576,1,3.776,4.6.0,0
116,2026-07-30,3436.T,5.59,17.5214,1,11.9314,2026-07-31T23:40:56.816716+00:00,17.5214,1,11.9314,4.6.0,0
117,2026-07-30,4063.T,2.85,0.7644,1,2.0856,2026-07-31T23:40:57.544384+00:00,2.7971,1,0.0529,4.6.0,0
118,2026-07-30,6857.T,4.68,16.3415,1,11.6615,2026-07-31T23:40:58.207491+00:00,16.4847,1,11.8047,4.6.0,0
119,2026-07-30,8035.T,4.83,6.2404,1,1.4104,2026-07-31T23:40:58.942906+00:00,13.3997,1,8.5697,4.6.0,0
120,2026-07-30,IFX.DE,1.09,3.6993,1,2.6093,2026-08-04T03:44:46.649311+00:00,7.6173,1,6.5273,4.6.0,0
121,2026-07-31,000660.KS,0.07,-8.7893,0,8.8593,2026-08-04T03:44:48.146675+00:00,-4.4237,0,4.4937,4.6.0,0
122,2026-07-31,005930.KS,0.06,-8.7619,0,8.8219,2026-08-04T03:44:48.576615+00:00,-5.5238,0,5.5838,4.6.0,0
123,2026-07-31,2330.TW,0.03,-2.268,0,2.298,2026-08-04T03:44:49.083772+00:00,-1.4433,0,1.4733,4.6.0,0
124,2026-07-31,3436.T,0.06,2.9789,1,2.9189,2026-08-04T03:44:49.563587+00:00,-0.2383,0,0.2983,4.6.0,0
125,2026-07-31,4063.T,0.03,0.7759,1,0.7459,2026-08-04T03:44:49.997866+00:00,1.7241,1,1.6941,4.6.0,0
126,2026-07-31,8035.T,0.04,-0.9189,0,0.9589,2026-08-04T03:58:39.476403+00:00,-2.8829,0,2.9229,4.6.0,0
127,2026-07-31,6857.T,0.05,-3.2923,0,3.3423,2026-08-04T22:49:54.158192+00:00,-2.1538,0,2.2038,4.6.0,0
128,2026-07-31,IFX.DE,0.01,-0.3243,0,0.3343,2026-08-04T22:49:54.612009+00:00,2.8053,1,2.7953,4.6.0,0
129,2026-08-03,2330.TW,0.4,3.6638,1,3.2638,2026-08-06T01:39:00.225403+00:00,2.8017,1,2.4017,4.6.0,0
130,2026-08-03,3436.T,0.82,5.952,1,5.132,2026-08-06T01:39:00.915993+00:00,6.5444,1,5.7244,4.6.0,0
131,2026-08-03,4063.T,0.37,2.9397,1,2.5697,2026-08-06T01:39:01.380857+00:00,0.2839,1,0.0861,4.6.0,0
132,2026-08-03,IFX.DE,0.12,3.6603,1,3.5403,2026-08-06T01:39:01.808903+00:00,3.335,1,3.215,4.6.0,0
133,2026-08-04,000660.KS,6.52,5.7705,1,0.7495,2026-08-06T01:39:02.335775+00:00,7.3557,1,0.8357,4.6.0,0
134,2026-08-04,005930.KS,5.14,2.5,1,2.64,2026-08-06T01:39:02.916159+00:00,5.8333,1,0.6933,4.6.0,0
135,2026-08-04,2330.TW,2.48,3.6638,1,1.1838,2026-08-06T01:39:03.424233+00:00,2.8017,1,0.3217,4.6.0,0
136,2026-08-04,3436.T,5.06,5.952,1,0.892,2026-08-06T01:39:03.918891+00:00,6.5444,1,1.4844,4.6.0,0
137,2026-08-04,4063.T,2.3,2.9397,1,0.6397,2026-08-06T01:39:04.434986+00:00,0.2839,1,2.0161,4.6.0,0
138,2026-08-04,6857.T,4.14,8.7742,1,4.6342,2026-08-06T01:39:04.917575+00:00,4.8387,1,0.6987,4.6.0,0
139,2026-08-04,8035.T,4.19,3.2628,1,0.9272,2026-08-06T01:39:05.398597+00:00,4.0564,1,0.1336,4.6.0,0
140,2026-08-04,IFX.DE,0.75,-5.7125,0,6.4625,2026-08-06T23:08:52.863621+00:00,0.9887,1,0.2387,4.6.0,0
141,2026-08-05,000660.KS,-1.38,-4.8829,1,3.5029,2026-08-07T22:22:01.020761+00:00,1.7391,0,3.1191,4.6.0,0
142,2026-08-05,005930.KS,-1.08,0.2169,0,1.2969,2026-08-07T22:22:01.572056+00:00,1.9523,0,3.0323,4.6.0,0
143,2026-08-05,2330.TW,-0.54,0.2114,0,0.7514,2026-08-07T22:22:03.216791+00:00,1.0571,0,1.5971,4.6.0,0
144,2026-08-05,3436.T,-1.08,-2.088,1,1.008,2026-08-07T22:22:03.731081+00:00,4.5429,0,5.6229,4.6.0,0
145,2026-08-05,4063.T,-0.5,-0.827,1,0.327,2026-08-07T22:22:04.147128+00:00,0.5351,0,1.0351,4.6.0,0
146,2026-08-05,6857.T,-0.91,-2.2472,1,1.3372,2026-08-07T22:22:04.616127+00:00,-0.0607,1,0.8493,4.6.0,0
147,2026-08-05,8035.T,-0.89,-1.5001,1,0.6101,2026-08-07T22:22:05.136499+00:00,1.8073,0,2.6973,4.6.0,0
148,2026-08-05,IFX.DE,-0.16,0.3995,0,0.5595,2026-08-07T22:22:05.645362+00:00,-0.1332,1,0.0268,4.6.0,0
