fecha,ticker,pred,sigma,gap_pct,mu_clim,sd_clim,n_clim,MAE,CRPS,DIR
2026-07-05,000660.KS,-4.88,5.454119850187266,1.0309,0.12039060587959345,1.895164793054567,14699,-4.88,-2.992500486445565,-1.0
2026-07-05,005930.KS,-3.91,4.798689138576779,3.3926,0.12039060587959345,1.895164793054567,14699,-3.91,-2.59489488721654,-1.0
2026-07-05,2330.TW,-2.04,1.849250936329588,0.818,0.12039060587959345,1.895164793054567,14699,-2.04,-1.3681139504760604,-1.0
2026-07-05,3436.T,-3.78,5.337078651685393,-0.1178,0.12039060587959345,1.895164793054567,14699,-3.5444,-1.757386368224641,1.0
2026-07-05,4063.T,-1.88,2.754369538077403,1.4372,0.12039060587959345,1.895164793054567,14699,-1.8799999999999997,-1.2756272251970269,-1.0
2026-07-05,6857.T,-3.71,4.23689138576779,1.7039,0.12039060587959345,1.895164793054567,14699,-3.71,-2.4858143107239754,-1.0
2026-07-05,8035.T,-3.15,3.4488139825218473,1.2158,0.12039060587959345,1.895164793054567,14699,-3.1500000000000004,-2.0688505642138546,-1.0
2026-07-05,IFX.DE,-0.39,3.6594881398252186,-1.6929,0.12039060587959345,1.895164793054567,14699,0.3899999999999999,0.048365829554321005,1.0
2026-07-08,000660.KS,1.97,5.500936329588015,7.3218,0.117025404779076,1.9001170410376063,14723,1.9699999999999998,2.9196504215899113,0.0
2026-07-08,005930.KS,1.53,4.900124843945068,3.964,0.117025404779076,1.9001170410376063,14723,1.5299999999999998,1.1873628506085852,0.0
2026-07-08,2330.TW,0.78,1.8882646691635454,-0.6085,0.117025404779076,1.9001170410376063,14723,-0.78,-0.27795086446079154,0.0
2026-07-08,3436.T,1.45,5.493133583021224,3.6166,0.117025404779076,1.9001170410376063,14723,1.4500000000000002,0.8560690728277951,0.0
2026-07-08,4063.T,0.7,2.8245942571785267,-0.289,0.117025404779076,1.9001170410376063,14723,-0.7,-0.31831839373262977,0.0
2026-07-08,6857.T,1.49,4.197877652933832,4.9192,0.117025404779076,1.9001170410376063,14723,1.4900000000000002,1.696807687686964,0.0
2026-07-08,8035.T,1.29,3.386392009987515,3.7862,0.117025404779076,1.9001170410376063,14723,1.29,1.1419625080592506,0.0
2026-07-08,IFX.DE,0.15,3.7375156054931336,3.798,0.117025404779076,1.9001170410376063,14723,0.1499999999999999,0.456017268684743,0.0
2026-07-09,000660.KS,2.73,5.508739076154806,5.032,0.117025404779076,1.9001170410376063,14723,2.73,2.183108384864717,0.0
2026-07-09,005930.KS,2.11,4.90792759051186,4.6763,0.117025404779076,1.9001170410376063,14723,2.11,1.8271805615438121,0.0
2026-07-09,3436.T,1.98,5.485330836454432,6.162,0.117025404779076,1.9001170410376063,14723,1.9799999999999995,2.478050320658184,0.0
2026-07-09,4063.T,0.96,2.8245942571785267,3.495,0.117025404779076,1.9001170410376063,14723,0.96,0.8519300977941617,0.0
2026-07-09,6857.T,2.06,4.205680399500624,3.4294,0.117025404779076,1.9001170410376063,14723,2.06,1.143673703696085,0.0
2026-07-09,8035.T,1.79,3.4019975031210987,2.5894,0.117025404779076,1.9001170410376063,14723,1.79,0.7033102430322619,0.0
2026-07-09,IFX.DE,0.22,3.729712858926342,-2.454,0.117025404779076,1.9001170410376063,14723,-0.2200000000000002,0.04810231327529446,0.0
2026-07-13,2330.TW,-1.62,1.896067415730337,-1.2295,0.116722852976837,1.9025251428673713,14747,0.839,0.33446691170228926,1.0
2026-07-13,4063.T,-1.54,2.832397003745318,-0.6131,0.116722852976837,1.9025251428673713,14747,-0.3138000000000001,-0.22690770283519723,1.0
2026-07-13,6857.T,-3.22,4.213483146067416,-1.7349,0.116722852976837,1.9025251428673713,14747,0.24980000000000002,-0.07961659839097823,1.0
2026-07-13,IFX.DE,-0.35,3.745318352059925,-0.9237,0.116722852976837,1.9025251428673713,14747,0.35,-0.2441473784807653,1.0
2026-07-14,000660.KS,2.19,5.735018726591759,10.8207,0.11821361688902388,1.9040853853777402,14755,2.1899999999999995,3.900755346746961,0.0
2026-07-14,005930.KS,1.69,5.017166042446941,7.7947,0.11821361688902388,1.9040853853777402,14755,1.6900000000000004,2.784310056126801,0.0
2026-07-14,2330.TW,0.86,1.896067415730337,0.2066,0.11821361688902388,1.9040853853777402,14755,-0.4468,-0.08543980504878179,0.0
2026-07-14,3436.T,1.68,5.617977528089887,1.1871,0.11821361688902388,1.9040853853777402,14755,0.6942000000000002,-0.6518734795425934,0.0
2026-07-14,4063.T,0.79,2.8245942571785267,1.4857,0.11821361688902388,1.9040853853777402,14755,0.79,0.09265997675552917,0.0
2026-07-14,6857.T,1.65,4.229088639200999,1.3602,0.11821361688902388,1.9040853853777402,14755,1.0704000000000002,-0.2390605292306376,0.0
2026-07-14,8035.T,1.48,3.386392009987515,1.0825,0.11821361688902388,1.9040853853777402,14755,0.685,-0.17423905402699869,0.0
2026-07-14,IFX.DE,0.19,3.760923845193508,1.1139,0.11821361688902388,1.9040853853777402,14755,0.18999999999999995,-0.32091788919199205,0.0
2026-07-15,000660.KS,-1.82,5.758426966292134,-8.6455,0.11785825103983755,1.9041664204058246,14763,1.8200000000000003,3.446554290355495,1.0
2026-07-15,005930.KS,-1.42,5.017166042446941,-5.3667,0.11785825103983755,1.9041664204058246,14763,1.42,2.061525387569846,1.0
2026-07-15,2330.TW,-0.69,1.8882646691635454,-0.4098,0.11785825103983755,1.9041664204058246,14763,0.12960000000000005,0.045121014445783814,1.0
2026-07-15,3436.T,-1.34,5.6491885143570535,-5.4001,0.11785825103983755,1.9041664204058246,14763,1.3399999999999999,2.0090551322510835,1.0
2026-07-15,4063.T,-0.65,2.832397003745318,-3.1079,0.11785825103983755,1.9041664204058246,14763,0.6499999999999999,0.758912739870734,1.0
2026-07-15,6857.T,-1.37,4.2446941323345815,-2.6658,0.11785825103983755,1.9041664204058246,14763,1.37,0.6824606793609613,1.0
2026-07-15,8035.T,-1.22,3.3941947565543065,-4.0409,0.11785825103983755,1.9041664204058246,14763,1.2199999999999998,1.4257548956783193,1.0
2026-07-15,IFX.DE,-0.15,3.760923845193508,0.1337,0.11785825103983755,1.9041664204058246,14763,-0.15,-0.44239582791268267,-1.0
2026-07-16,2330.TW,-1.42,1.8882646691635454,-3.8462,0.11785825103983755,1.9041664204058246,14763,1.42,1.3772494971013993,1.0
2026-07-16,3436.T,-2.82,5.696004993757803,-1.5171,0.11785825103983755,1.9041664204058246,14763,0.21419999999999995,-0.47650099022833214,1.0
2026-07-16,4063.T,-1.37,2.8480024968789013,-2.0514,0.11785825103983755,1.9041664204058246,14763,1.37,0.6063459677326879,1.0
2026-07-16,6857.T,-2.85,4.252496878901373,-5.0607,0.11785825103983755,1.9041664204058246,14763,2.85,2.665813826555845,1.0
2026-07-16,8035.T,-2.55,3.40980024968789,-5.4874,0.11785825103983755,1.9041664204058246,14763,2.55,2.78445240686153,1.0
2026-07-16,IFX.DE,-0.23,3.7999375780274653,-5.5324,0.11785825103983755,1.9041664204058246,14763,0.23000000000000043,1.137551380588722,1.0
2026-07-17,000660.KS,-1.44,5.83645443196005,-5.266,0.11785825103983755,1.9041664204058246,14763,1.44,1.9820108206584641,1.0
2026-07-17,005930.KS,-1.12,5.071785268414482,-5.4902,0.11785825103983755,1.9041664204058246,14763,1.12,1.934459032731458,1.0
2026-07-17,2330.TW,-0.58,1.9818976279650435,0.4367,0.11785825103983755,1.9041664204058246,14763,-0.58,-0.20054286185274062,-1.0
2026-07-17,3436.T,-1.15,5.813046192259675,0.0255,0.11785825103983755,1.9041664204058246,14763,-1.15,-1.0062082199249662,-1.0
2026-07-17,4063.T,-0.53,2.8480024968789013,0.6707,0.11785825103983755,1.9041664204058246,14763,-0.5299999999999999,-0.3559910893398329,-1.0
2026-07-17,6857.T,-1.11,4.268102372034956,1.8179,0.11785825103983755,1.9041664204058246,14763,-1.11,-0.7554374745477099,-1.0
2026-07-17,8035.T,-1.01,3.4488139825218473,-1.1521,0.11785825103983755,1.9041664204058246,14763,1.01,-0.03740413286074162,1.0
2026-07-17,IFX.DE,-0.1,3.815543071161048,0.8483,0.11785825103983755,1.9041664204058246,14763,-0.09999999999999998,-0.42979118976350084,-1.0
2026-07-21,000660.KS,4.64,5.805243445692884,7.6797,0.11509185902196171,1.9108101652036158,14793,4.64,4.509077784777654,0.0
2026-07-21,005930.KS,3.63,5.095193508114856,6.5637,0.11509185902196171,1.9108101652036158,14793,3.63,3.5243333585580503,0.0
2026-07-21,3436.T,3.65,5.805243445692884,5.1026,0.11509185902196171,1.9108101652036158,14793,3.65,2.4139561794795714,0.0
2026-07-21,4063.T,1.69,2.8480024968789013,0.3886,0.11509185902196171,1.9108101652036158,14793,-0.9127999999999998,-0.4366238384317181,0.0
2026-07-21,6857.T,3.6,4.260299625468164,4.2187,0.11509185902196171,1.9108101652036158,14793,3.6,2.0158115136571064,0.0
2026-07-21,8035.T,3.23,3.4332084893882646,4.5065,0.11509185902196171,1.9108101652036158,14793,3.23,2.3379003459293766,0.0
2026-07-22,000660.KS,0.38,5.813046192259675,4.3716,0.11516314995230796,1.9106923357767958,14795,0.3799999999999999,0.7847862079159555,0.0
2026-07-22,005930.KS,0.3,5.102996254681647,3.263,0.11516314995230796,1.9106923357767958,14795,0.2999999999999998,0.2889364297792798,0.0
2026-07-22,2330.TW,0.15,2.005305867665418,-0.625,0.11516314995230796,1.9106923357767958,14795,-0.15000000000000002,-0.027158591478153027,0.0
2026-07-22,3436.T,0.3,5.8286516853932575,4.8877,0.11516314995230796,1.9106923357767958,14795,0.2999999999999998,0.9695730520085872,0.0
2026-07-22,4063.T,0.14,2.6919475655430714,1.4841,0.11516314995230796,1.9106923357767958,14795,0.1399999999999999,-0.06952221510302581,0.0
2026-07-22,6857.T,0.3,4.275905118601748,3.5322,0.11516314995230796,1.9106923357767958,14795,0.2999999999999998,0.4651290363801719,0.0
2026-07-22,8035.T,0.26,3.4488139825218473,0.7732,0.11516314995230796,1.9106923357767958,14795,0.26,-0.3003335427315509,0.0
2026-07-22,IFX.DE,0.03,3.838951310861423,-4.1547,0.11516314995230796,1.9106923357767958,14795,-0.03000000000000025,0.6526897199256059,0.0
2026-07-23,000660.KS,-0.43,5.610174781523096,-1.3028,0.11516314995230796,1.9106923357767958,14795,0.42999999999999994,-0.5170614779210919,1.0
2026-07-23,005930.KS,-0.33,4.845505617977528,-1.4815,0.11516314995230796,1.9106923357767958,14795,0.33000000000000007,-0.2911618263061643,1.0
2026-07-23,2330.TW,-0.17,1.927278401997503,-2.079,0.11516314995230796,1.9106923357767958,14795,0.16999999999999993,0.20564090837625448,1.0
2026-07-23,3436.T,-0.35,5.758426966292134,-1.8697,0.11516314995230796,1.9106923357767958,14795,0.3500000000000001,-0.3023905668046678,1.0
2026-07-23,4063.T,-0.16,2.606117353308364,-1.9656,0.11516314995230796,1.9106923357767958,14795,0.15999999999999992,0.18168073099075732,1.0
2026-07-23,6857.T,-0.34,4.197877652933832,-2.2727,0.11516314995230796,1.9106923357767958,14795,0.3400000000000001,0.17342121213163364,1.0
2026-07-23,8035.T,-0.31,3.2537453183520597,-1.5163,0.11516314995230796,1.9106923357767958,14795,0.31000000000000005,0.03402176006187729,1.0
2026-07-23,IFX.DE,-0.02,3.760923845193508,-1.6644,0.11516314995230796,1.9106923357767958,14795,0.020000000000000018,-0.09747230159512021,1.0
2026-07-24,000660.KS,-3.7,5.8520599250936325,3.1268,0.11516314995230796,1.9106923357767958,14795,-3.7000000000000006,-2.2005121334996276,-1.0
2026-07-24,005930.KS,-2.94,5.142009987515605,3.006,0.11516314995230796,1.9106923357767958,14795,-2.94,-1.7539067909067443,-1.0
2026-07-24,2330.TW,-1.46,1.989700374531835,-0.8511,0.11516314995230796,1.9106923357767958,14795,0.24219999999999997,0.09866570937918429,1.0
2026-07-24,3436.T,-2.89,5.83645443196005,3.8642,0.11516314995230796,1.9106923357767958,14795,-2.89,-1.4688157435790696,-1.0
2026-07-24,4063.T,-1.41,2.6919475655430714,-3.4169,0.11516314995230796,1.9106923357767958,14795,1.4100000000000001,1.302495801056438,1.0
2026-07-24,6857.T,-2.85,4.2915106117353305,1.5719,0.11516314995230796,1.9106923357767958,14795,-2.8499999999999996,-1.8060261812015619,-1.0
2026-07-24,8035.T,-2.6,3.40980024968789,1.5959,0.11516314995230796,1.9106923357767958,14795,-2.5999999999999996,-1.748654196395643,-1.0
2026-07-24,IFX.DE,-0.35,3.8623595505617976,1.0868,0.11516314995230796,1.9106923357767958,14795,-0.34999999999999987,-0.47392236164114176,-1.0
2026-07-27,000660.KS,-1.83,5.859862671660424,-8.4802,0.11823449128594503,1.9139895699199803,14815,1.83,3.4241702759979686,1.0
2026-07-27,005930.KS,-1.47,5.1498127340823965,-6.1024,0.11823449128594503,1.9139895699199803,14815,1.4699999999999998,2.3791419718564812,1.0
2026-07-27,2330.TW,-0.76,1.9975031210986267,-3.4043,0.11823449128594503,1.9139895699199803,14815,0.7599999999999998,0.8018093543776639,1.0
2026-07-27,3436.T,-1.45,5.859862671660424,-9.9947,0.11823449128594503,1.9139895699199803,14815,1.4499999999999993,3.416883646063008,1.0
2026-07-27,4063.T,-0.79,2.7621722846441945,-2.3755,0.11823449128594503,1.9139895699199803,14815,0.79,0.5881629982955325,1.0
2026-07-27,6857.T,-1.46,4.283707865168539,-6.6949,0.11823449128594503,1.9139895699199803,14815,1.46,2.456064097063213,1.0
2026-07-27,8035.T,-1.32,3.40980024968789,-9.9841,0.11823449128594503,1.9139895699199803,14815,1.3200000000000003,2.2701248221179675,1.0
2026-07-27,IFX.DE,-0.18,3.870162297128589,-2.0654,0.11823449128594503,1.9139895699199803,14815,0.17999999999999994,0.08212504807264742,1.0
2026-07-28,000660.KS,-3.76,5.945692883895131,1.0968,0.11721595605450995,1.9139885826041407,14823,-3.76,-2.246698402122054,-1.0
2026-07-28,005930.KS,-3.0,5.1966292134831455,2.9545,0.11721595605450995,1.9139885826041407,14823,-2.9999999999999996,-1.7993041326526746,-1.0
2026-07-28,2330.TW,-1.54,2.005305867665418,-0.8772,0.11721595605450995,1.9139885826041407,14823,0.21439999999999992,0.09364955131701835,1.0
2026-07-28,3436.T,-3.05,6.023720349563046,0.0318,0.11721595605450995,1.9139885826041407,14823,-3.05,-1.574539253181225,-1.0
2026-07-28,4063.T,-1.63,2.785580524344569,-0.6301,0.11721595605450995,1.9139885826041407,14823,-0.3697999999999999,-0.23040663721271426,1.0
2026-07-28,6857.T,-2.99,4.3149188514357055,1.9208,0.11721595605450995,1.9139885826041407,14823,-2.99,-1.9460197748706152,-1.0
2026-07-28,8035.T,-2.73,3.5112359550561796,-3.5765,0.11721595605450995,1.9139885826041407,14823,2.73,1.751426497193743,1.0
2026-07-28,IFX.DE,-0.45,3.8779650436953803,-1.731,0.11721595605450995,1.9139885826041407,14823,0.44999999999999996,0.03516181340803226,1.0
2026-07-29,IFX.DE,-0.58,3.9169787765293376,-0.1468,0.11782589186178019,1.9143549545043586,14831,-0.2863999999999999,-0.4725269084634362,1.0
2026-07-30,000660.KS,6.91,5.969101123595506,28.3661,0.11782589186178019,1.9143549545043586,14831,6.91,9.079342241219859,0.0
2026-07-30,005930.KS,5.28,5.212234706616728,24.1546,0.11782589186178019,1.9143549545043586,14831,5.280000000000001,7.022429582118361,0.0
2026-07-30,2330.TW,2.8,2.0209113607990012,6.576,0.11782589186178019,1.9143549545043586,14831,2.8,2.6941851659200933,0.0
2026-07-30,3436.T,5.59,6.039325842696629,17.5214,0.11782589186178019,1.9143549545043586,14831,5.59,7.689986461512088,0.0
2026-07-30,4063.T,2.85,2.832397003745318,2.7971,0.11782589186178019,1.9143549545043586,14831,2.7441999999999998,1.0774285184674413,0.0
2026-07-30,6857.T,4.68,4.595817727840199,16.4847,0.11782589186178019,1.9143549545043586,14831,4.68,6.060162267281857,0.0
2026-07-30,8035.T,4.83,3.706304619225967,13.3997,0.11782589186178019,1.9143549545043586,14831,4.83,5.696985523636957,0.0
2026-07-30,IFX.DE,1.09,3.9403870162297125,7.6173,0.11782589186178019,1.9143549545043586,14831,1.0899999999999999,1.9551660421596262,0.0
2026-07-31,000660.KS,0.07,6.30461922596754,-4.4237,0.11782589186178019,1.9143549545043586,14831,-0.07000000000000028,0.7731043789750358,0.0
2026-07-31,005930.KS,0.06,5.539950062421972,-5.5238,0.11782589186178019,1.9143549545043586,14831,-0.05999999999999961,1.1958142289703644,0.0
2026-07-31,2330.TW,0.03,2.1145443196004994,-1.4433,0.11782589186178019,1.9143549545043586,14831,-0.030000000000000027,0.0409956187982784,0.0
2026-07-31,3436.T,0.06,6.156367041198501,-0.2383,0.11782589186178019,1.9143549545043586,14831,-0.06,-0.970748129814584,0.0
2026-07-31,4063.T,0.03,2.793383270911361,1.7241,0.11782589186178019,1.9143549545043586,14831,0.030000000000000027,-0.09496299023373689,0.0
2026-07-31,6857.T,0.05,4.681647940074906,-2.1538,0.11782589186178019,1.9143549545043586,14831,-0.04999999999999982,-0.08813833219577316,0.0
2026-07-31,8035.T,0.04,3.6594881398252186,-2.8829,0.11782589186178019,1.9143549545043586,14831,-0.040000000000000036,0.2766655857190077,0.0
2026-07-31,IFX.DE,0.01,4.049625468164794,2.8053,0.11782589186178019,1.9143549545043586,14831,0.009999999999999787,0.059654741067799666,0.0
2026-08-03,IFX.DE,0.12,4.057428214731585,3.335,0.11502824424710549,1.9234025345381385,14855,0.1200000000000001,0.295235697214957,0.0
2026-08-04,000660.KS,6.52,6.4216604244694135,7.3557,0.12283263400037678,1.9614747308565892,14863,6.52,4.582294828845021,0.0
2026-08-04,005930.KS,5.14,5.672596754057428,5.8333,0.12283263400037678,1.9614747308565892,14863,5.14,3.2464478400211867,0.0
2026-08-04,2330.TW,2.48,2.1223470661672907,2.8017,0.12283263400037678,1.9614747308565892,14863,2.48,1.2118764040501953,0.0
2026-08-04,3436.T,5.06,6.164169787765293,6.5444,0.12283263400037678,1.9614747308565892,14863,5.06,3.733018793369129,0.0
2026-08-04,4063.T,2.3,2.785580524344569,0.2839,0.12283263400037678,1.9614747308565892,14863,-1.7321999999999997,-0.74530373592407,0.0
2026-08-04,6857.T,4.14,4.642634207240949,4.8387,0.12283263400037678,1.9614747308565892,14863,4.14,2.492929343696633,0.0
2026-08-04,8035.T,4.19,3.636079900124844,4.0564,0.12283263400037678,1.9614747308565892,14863,3.9227999999999996,2.0080605904464024,0.0
2026-08-04,IFX.DE,0.75,4.057428214731585,0.9887,0.12283263400037678,1.9614747308565892,14863,0.75,-0.34535719145906496,0.0
2026-08-05,000660.KS,-1.38,6.4216604244694135,1.7391,0.12195043614659178,1.9623029844734734,14871,-1.38,-1.1314091828953392,-1.0
2026-08-05,005930.KS,-1.08,5.672596754057428,1.9523,0.12195043614659178,1.9623029844734734,14871,-1.0800000000000003,-0.8630585014201257,-1.0
2026-08-05,2330.TW,-0.54,2.1145443196004994,1.0571,0.12195043614659178,1.9623029844734734,14871,-0.54,-0.32067774298170904,-1.0
2026-08-05,3436.T,-1.08,6.164169787765293,4.5429,0.12195043614659178,1.9623029844734734,14871,-1.08,-0.025551176707510503,-1.0
2026-08-05,4063.T,-0.5,2.785580524344569,0.5351,0.12195043614659178,1.9623029844734734,14871,-0.4999999999999999,-0.3095267313170427,-1.0
2026-08-05,6857.T,-0.91,4.658239700374532,-0.0607,0.12195043614659178,1.9623029844734734,14871,-0.7886000000000001,-0.6848534515173239,1.0
2026-08-05,8035.T,-0.89,3.636079900124844,1.8073,0.12195043614659178,1.9623029844734734,14871,-0.8899999999999999,-0.610289123042077,-1.0
2026-08-05,IFX.DE,-0.16,4.065230961298377,-0.1332,0.12195043614659178,1.9623029844734734,14871,0.10640000000000002,-0.47829741930220115,1.0
2026-08-07,000660.KS,2.56,6.484082397003745,1.4768,0.12195043614659178,1.9623029844734734,14871,0.39359999999999973,-0.7697006118783976,0.0
2026-08-07,005930.KS,1.99,5.664794007490636,2.1645,0.12195043614659178,1.9623029844734734,14871,1.99,-0.08823898960053622,0.0
2026-08-07,2330.TW,0.99,2.1145443196004994,0.8439,0.12195043614659178,1.9623029844734734,14871,0.6978,0.0651810382552237,0.0
2026-08-07,3436.T,2.01,6.109550561797753,1.4121,0.12195043614659178,1.9623029844734734,14871,0.8142,-0.6658026381339793,0.0
2026-08-07,4063.T,0.87,2.7309612983770286,1.7659,0.12195043614659178,1.9623029844734734,14871,0.87,0.2235854145014039,0.0
2026-08-07,6857.T,1.71,4.642634207240949,2.1746,0.12195043614659178,1.9623029844734734,14871,1.71,0.14134907825243115,0.0
2026-08-07,8035.T,1.66,3.6516853932584263,2.3853,0.12195043614659178,1.9623029844734734,14871,1.66,0.4876352762555024,0.0
2026-08-07,IFX.DE,0.24,4.096441947565543,1.482,0.12195043614659178,1.9623029844734734,14871,0.24,-0.286127571403466,0.0
2026-08-10,000660.KS,-2.94,6.491885143570537,-1.0563,0.12346462440873447,1.965191396154469,14895,-0.8273999999999999,-1.000040987101213,1.0
2026-08-10,005930.KS,-2.28,5.664794007490636,-0.2174,0.12346462440873447,1.965191396154469,14895,-1.8451999999999997,-1.1373937763949877,1.0
2026-08-10,2330.TW,-1.14,2.1145443196004994,0.4202,0.12346462440873447,1.965191396154469,14895,-1.1400000000000001,-0.4565630477422391,-1.0
2026-08-10,3436.T,-2.3,6.109550561797753,0.0287,0.12346462440873447,1.965191396154469,14895,-2.3,-1.3165692939585036,-1.0
2026-08-10,4063.T,-1.01,2.7153558052434454,0.7,0.12346462440873447,1.965191396154469,14895,-1.01,-0.5242689762665655,-1.0
2026-08-10,6857.T,-1.99,4.658239700374532,-0.5254,0.12346462440873447,1.965191396154469,14895,-0.9391999999999999,-0.7268587456096708,1.0
2026-08-10,8035.T,-1.92,3.6594881398252186,-0.7048,0.12346462440873447,1.965191396154469,14895,-0.5103999999999999,-0.418230442365369,1.0
2026-08-10,IFX.DE,-0.27,4.096441947565543,-0.8476,0.12346462440873447,1.965191396154469,14895,0.27,-0.3428751010022053,1.0
2026-08-11,000660.KS,0.87,6.499687890137328,2.1754,0.12426167714489592,1.9651889968858307,14903,0.8700000000000001,-0.3797036093328725,0.0
2026-08-11,005930.KS,0.66,5.688202247191011,1.6701,0.12426167714489592,1.9651889968858307,14903,0.6599999999999999,-0.4798652577163921,0.0
2026-08-11,2330.TW,0.33,2.1223470661672907,0.4175,0.12426167714489592,1.9651889968858307,14903,0.33,-0.020742228022054665,0.0
2026-08-11,3436.T,0.68,6.109550561797753,0.0287,0.12426167714489592,1.9651889968858307,14903,-0.6226000000000002,-0.9943357284956371,0.0
2026-08-11,4063.T,0.3,2.6997503121098623,0.7,0.12426167714489592,1.9651889968858307,14903,0.3,-0.12844969423819041,0.0
2026-08-11,6857.T,0.59,4.666042446941323,-0.5254,0.12426167714489592,1.9651889968858307,14903,-0.59,-0.6521347991801812,0.0
2026-08-11,8035.T,0.57,3.643882646691635,-0.7048,0.12426167714489592,1.9651889968858307,14903,-0.57,-0.43093104048346476,0.0
2026-08-11,IFX.DE,0.08,4.0886392009987516,2.0684,0.12426167714489592,1.9651889968858307,14903,0.08000000000000007,-0.1642515214567326,0.0
2026-08-12,005930.KS,1.28,5.3995006242197245,4.6967,0.1251141289392696,1.9650373942022077,14911,1.2800000000000002,1.3795551542662774,0.0
2026-08-12,3436.T,1.73,5.976903870162297,3.7565,0.1251141289392696,1.9650373942022077,14911,1.73,0.9041181507339173,0.0
2026-08-12,4063.T,0.83,2.73876404494382,0.858,0.1251141289392696,1.9650373942022077,14911,0.83,-0.07313035449460048,0.0
2026-08-12,8035.T,1.47,3.698501872659176,2.4558,0.1251141289392696,1.9650373942022077,14911,1.47,0.48036046236794605,0.0
2026-08-12,IFX.DE,0.12,4.057428214731585,1.3948,0.1251141289392696,1.9650373942022077,14911,0.1200000000000001,-0.33110658472421206,0.0
2026-08-13,000660.KS,0.46,6.491885143570537,6.403,0.1251141289392696,1.9650373942022077,14911,0.45999999999999996,1.6221668801710467,0.0
2026-08-13,005930.KS,0.35,5.703807740324594,2.6119,0.1251141289392696,1.9650373942022077,14911,0.3500000000000001,-0.11559106238669448,0.0
2026-08-13,3436.T,0.36,6.117353308364544,4.3162,0.1251141289392696,1.9650373942022077,14911,0.3599999999999999,0.6894746655327499,0.0
2026-08-13,4063.T,0.16,2.6997503121098623,1.5679,0.1251141289392696,1.9650373942022077,14911,0.15999999999999992,-0.05354026061200723,0.0
2026-08-13,6857.T,0.31,4.642634207240949,6.7056,0.1251141289392696,1.9650373942022077,14911,0.3099999999999996,1.3383350247384582,0.0
2026-08-13,8035.T,0.3,3.6516853932584263,3.4135,0.1251141289392696,1.9650373942022077,14911,0.2999999999999998,0.4037414093945706,0.0
2026-08-13,IFX.DE,0.04,4.08083645443196,-0.8,0.1251141289392696,1.9650373942022077,14911,-0.040000000000000036,-0.39257592729589375,0.0
2026-08-14,000660.KS,-0.23,6.281210986267166,5.5319,0.1251141289392696,1.9650373942022077,14911,-0.23000000000000043,0.8614405288911797,-1.0
2026-08-14,005930.KS,-0.16,5.415106117353308,3.0965,0.1251141289392696,1.9650373942022077,14911,-0.16000000000000014,-0.04927621874025068,-1.0
2026-08-14,2330.TW,-0.1,2.0443196004993758,0.6263,0.1251141289392696,1.9650373942022077,14911,-0.09999999999999998,-0.0696793204930497,-1.0
2026-08-14,3436.T,-0.22,5.984706616729088,1.6837,0.1251141289392696,1.9650373942022077,14911,-0.21999999999999997,-0.7100823501348885,-1.0
2026-08-14,4063.T,-0.1,2.707553058676654,0.2825,0.1251141289392696,1.9650373942022077,14911,-0.09999999999999998,-0.19001759233977572,-1.0
2026-08-14,6857.T,-0.17,4.5177902621722845,0.0814,0.1251141289392696,1.9650373942022077,14911,-0.17,-0.6017571757623681,-1.0
2026-08-14,8035.T,-0.19,3.6906991260923845,0.2368,0.1251141289392696,1.9650373942022077,14911,-0.19,-0.4204150322129477,-1.0
2026-08-14,IFX.DE,-0.01,4.0418227215980025,3.6611,0.1251141289392696,1.9650373942022077,14911,-0.009999999999999787,0.29316230710808844,-1.0
2026-08-17,005930.KS,1.26,5.696004993757803,3.0965,0.12692808268763323,1.9657819121022488,14927,1.26,0.4076308348849573,0.0
2026-08-17,3436.T,1.29,6.1251560549313355,1.7237,0.12692808268763323,1.9657819121022488,14927,1.29,-0.49350888880620836,0.0
2026-08-17,8035.T,1.07,3.6516853932584263,0.0333,0.12692808268763323,1.9657819121022488,14927,-1.0033999999999998,-0.5088409870458384,0.0
2026-08-17,IFX.DE,0.15,4.08083645443196,-1.8557,0.12692808268763323,1.9657819121022488,14927,-0.15000000000000013,-0.1434094131026078,0.0
2026-08-18,000660.KS,-5.02,6.476279650436954,-7.0397,0.12848166145632017,1.9673004905674434,14935,5.02,4.295642694247743,1.0
2026-08-18,005930.KS,-3.82,5.703807740324594,-6.3315,0.12848166145632017,1.9673004905674434,14935,3.82,3.583449192045361,1.0
2026-08-18,2330.TW,-1.91,2.083333333333333,-1.6807,0.12848166145632017,1.9673004905674434,14935,1.4514000000000002,0.5834717874591737,1.0
2026-08-18,3436.T,-3.89,6.171972534332085,-7.9197,0.12848166145632017,1.9673004905674434,14935,3.8899999999999997,4.482047632933839,1.0
2026-08-18,4063.T,-1.7,2.6997503121098623,-1.7462,0.12848166145632017,1.9673004905674434,14935,1.7,0.4917914373844281,1.0
2026-08-18,6857.T,-3.34,4.642634207240949,-4.6291,0.12848166145632017,1.9673004905674434,14935,3.34,2.4309316685270295,1.0
2026-08-18,8035.T,-3.21,3.706304619225967,-4.984,0.12848166145632017,1.9673004905674434,14935,3.21,2.8097640732330236,1.0
2026-08-18,IFX.DE,-0.45,4.08083645443196,0.2621,0.12848166145632017,1.9673004905674434,14935,-0.44999999999999996,-0.5397509290854108,-1.0
2026-08-19,000660.KS,-1.59,6.265605493133582,7.5333,0.12886990962504236,1.9671637060496554,14941,-1.5900000000000007,0.30073698591017806,-1.0
2026-08-19,005930.KS,-1.11,5.415106117353308,3.8384,0.12886990962504236,1.9671637060496554,14941,-1.1100000000000003,-0.30887326199023457,-1.0
2026-08-19,2330.TW,-0.65,2.0443196004993758,0.6383,0.12886990962504236,1.9671637060496554,14941,-0.65,-0.27927292374186974,-1.0
2026-08-19,3436.T,-1.49,6.04712858926342,-1.0236,0.12886990962504236,1.9671637060496554,14941,0.5572000000000001,-0.7059013829363339,1.0
2026-08-19,4063.T,-0.7,2.707553058676654,1.642,0.12886990962504236,1.9671637060496554,14941,-0.6999999999999997,-0.4916274978960148,-1.0
2026-08-19,6857.T,-1.12,4.5411985018726595,1.9989,0.12886990962504236,1.9671637060496554,14941,-1.12,-0.7637759043790091,-1.0
2026-08-19,8035.T,-1.24,3.745318352059925,-1.1709,0.12886990962504236,1.9671637060496554,14941,1.1018000000000001,-0.0853832423488019,1.0
2026-08-19,IFX.DE,-0.12,4.112047440699126,1.6188,0.12886990962504236,1.9671637060496554,14941,-0.11999999999999988,-0.36043284486953164,-1.0
2026-08-20,000660.KS,0.39,6.4216604244694135,-0.9462,0.12886990962504236,1.9671637060496554,14941,-0.39,-0.922786000628881,0.0
2026-08-20,005930.KS,0.27,5.524344569288389,-1.476,0.12886990962504236,1.9671637060496554,14941,-0.27,-0.5544471478266507,0.0
2026-08-20,3436.T,0.37,6.039325842696629,-4.0509,0.12886990962504236,1.9671637060496554,14941,-0.3700000000000001,0.4459699930110559,0.0
2026-08-20,4063.T,0.17,2.707553058676654,-0.9901,0.12886990962504236,1.9671637060496554,14941,-0.16999999999999993,-0.12105274854685255,0.0
2026-08-20,6857.T,0.28,4.5177902621722845,-1.9796,0.12886990962504236,1.9671637060496554,14941,-0.2799999999999998,-0.2135152490934964,0.0
2026-08-20,8035.T,0.31,3.745318352059925,-1.8512,0.12886990962504236,1.9671637060496554,14941,-0.31000000000000005,-0.16549191025280163,0.0
2026-08-20,IFX.DE,0.04,4.119850187265918,1.7867,0.12886990962504236,1.9671637060496554,14941,0.040000000000000036,-0.26757105862271047,0.0
2026-08-21,000660.KS,-0.5,6.632334581772784,2.6012,0.12886990962504236,1.9671637060496554,14941,-0.5,-0.5594364220841561,-1.0
2026-08-21,005930.KS,-0.38,5.813046192259675,-3.5524,0.12886990962504236,1.9671637060496554,14941,0.3799999999999999,0.5857286509490311,1.0
2026-08-21,3436.T,-0.41,6.140761548064918,-0.1182,0.12886990962504236,1.9671637060496554,14941,-0.17359999999999995,-0.9685160815821996,1.0
2026-08-21,6857.T,-0.33,4.627028714107365,-0.6407,0.12886990962504236,1.9671637060496554,14941,0.33,-0.5113195513712966,1.0
2026-08-21,8035.T,-0.32,3.698501872659176,1.6762,0.12886990962504236,1.9671637060496554,14941,-0.32000000000000006,-0.36230801253871725,-1.0
2026-08-21,IFX.DE,-0.04,4.143258426966292,-1.3757,0.12886990962504236,1.9671637060496554,14941,0.040000000000000036,-0.24090496974315045,1.0
2026-08-24,000660.KS,-2.68,6.5308988764044935,-4.3686,0.12736334488287215,1.9708306453254858,14963,2.68,1.6998349701008757,1.0
2026-08-24,005930.KS,-2.06,5.766229712858926,-3.1128,0.12736334488287215,1.9708306453254858,14963,2.06,0.7867392730770826,1.0
2026-08-24,2330.TW,-1.03,2.0755305867665417,-0.8421,0.12736334488287215,1.9708306453254858,14963,0.6541999999999999,0.15525457940308846,1.0
2026-08-24,3436.T,-2.17,6.132958801498127,-1.1014,0.12736334488287215,1.9708306453254858,14963,0.03279999999999994,-0.7506584721628105,1.0
2026-08-24,4063.T,-0.96,2.652933832709113,-0.4958,0.12736334488287215,1.9708306453254858,14963,0.03160000000000007,-0.11376614276304542,1.0
2026-08-24,6857.T,-1.77,4.634831460674158,-1.7391,0.12736334488287215,1.9708306453254858,14963,1.7082000000000002,0.03420135458852647,1.0
2026-08-24,8035.T,-1.73,3.6906991260923845,-1.8132,0.12736334488287215,1.9708306453254858,14963,1.73,0.30351370473102723,1.0
2026-08-24,IFX.DE,-0.23,4.096441947565543,2.6588,0.12736334488287215,1.9708306453254858,14963,-0.22999999999999998,-0.1329705688433216,-1.0
2026-08-25,000660.KS,1.38,6.499687890137328,-0.5959,0.12666023569612453,1.970872554628267,14971,-1.38,-1.1916526362105027,0.0
2026-08-25,005930.KS,1.04,5.696004993757803,-0.1946,0.12666023569612453,1.970872554628267,14971,-1.04,-0.9560395712415783,0.0
2026-08-25,2330.TW,0.53,2.0677278401997503,-1.0417,0.12666023569612453,1.970872554628267,14971,-0.53,-0.20905104664255836,0.0
2026-08-25,3436.T,1.12,6.132958801498127,-1.9757,0.12666023569612453,1.970872554628267,14971,-1.1199999999999999,-0.7645466328654171,0.0
2026-08-25,4063.T,0.5,2.652933832709113,-1.149,0.12666023569612453,1.970872554628267,14971,-0.5,-0.2372650552016473,0.0
2026-08-25,6857.T,0.93,4.634831460674158,-2.3222,0.12666023569612453,1.970872554628267,14971,-0.9300000000000002,-0.4184930918476726,0.0
2026-08-25,8035.T,0.91,3.6906991260923845,-1.6243,0.12666023569612453,1.970872554628267,14971,-0.9099999999999999,-0.48734365088472975,0.0
2026-08-25,IFX.DE,0.15,4.0886392009987516,0.474,0.12666023569612453,1.970872554628267,14971,0.15000000000000002,-0.4807911086510368,0.0
2026-08-26,000660.KS,0.19,6.429463171036205,5.2133,0.1264984790872058,1.9707696130654901,14979,0.1900000000000004,0.9878255235724627,0.0
2026-08-26,005930.KS,0.14,5.594569288389513,3.2505,0.1264984790872058,1.9707696130654901,14979,0.14000000000000012,0.12686212911528671,0.0
2026-08-26,2330.TW,0.07,2.0677278401997503,0.6211,0.1264984790872058,1.9707696130654901,14979,0.07000000000000006,-0.03164929841378816,0.0
2026-08-26,3436.T,0.15,6.140761548064918,4.1116,0.1264984790872058,1.9707696130654901,14979,0.1499999999999999,0.48402986061963693,0.0
2026-08-26,4063.T,0.07,2.613920099875156,0.7709,0.1264984790872058,1.9707696130654901,14979,0.06999999999999995,-0.14151373268897738,0.0
2026-08-26,6857.T,0.13,4.627028714107365,0.8964,0.1264984790872058,1.9707696130654901,14979,0.13,-0.5527950642780416,0.0
2026-08-26,8035.T,0.13,3.6906991260923845,2.7027,0.1264984790872058,1.9707696130654901,14979,0.1299999999999999,0.09070551694116502,0.0
2026-08-26,IFX.DE,0.02,4.073033707865168,2.1743,0.1264984790872058,1.9707696130654901,14979,0.020000000000000018,-0.15553208976037647,0.0
2026-08-27,000660.KS,2.2,6.429463171036205,-1.4815,0.1264984790872058,1.9707696130654901,14979,-2.2,-1.3645069345689975,0.0
2026-08-27,005930.KS,1.65,5.594569288389513,-1.3158,0.1264984790872058,1.9707696130654901,14979,-1.6499999999999997,-1.056543009680281,0.0
2026-08-27,2330.TW,0.85,2.0677278401997503,1.2448,0.1264984790872058,1.9707696130654901,14979,0.85,0.1939376678360054,0.0
2026-08-27,3436.T,1.8,6.140761548064918,4.7175,0.1264984790872058,1.9707696130654901,14979,1.7999999999999998,1.5144710866947024,0.0
2026-08-27,4063.T,0.8,2.613920099875156,1.0012,0.1264984790872058,1.9707696130654901,14979,0.8,-0.004090126154615126,0.0
2026-08-27,6857.T,1.51,4.634831460674158,-0.0578,0.1264984790872058,1.9707696130654901,14979,-1.51,-0.8252842615471647,0.0
2026-08-27,8035.T,1.47,3.6906991260923845,1.6429,0.1264984790872058,1.9707696130654901,14979,1.47,0.03863738286517193,0.0
2026-08-27,IFX.DE,0.23,4.018414481897628,-0.07,0.1264984790872058,1.9707696130654901,14979,-0.23000000000000004,-0.47964556506038125,0.0
2026-08-28,000660.KS,-3.19,6.406054931335831,-3.4483,0.1264984790872058,1.9707696130654901,14979,3.19,1.0160212203131938,1.0
2026-08-28,005930.KS,-2.38,5.571161048689138,-3.1128,0.1264984790872058,1.9707696130654901,14979,2.38,0.8696439443200972,1.0
2026-08-28,2330.TW,-1.24,2.052122347066167,-1.0331,0.1264984790872058,1.9707696130654901,14979,0.8261999999999998,0.23728458373683237,1.0
2026-08-28,3436.T,-2.59,6.109550561797753,-4.8923,0.1264984790872058,1.9707696130654901,14979,2.59,2.14389021226272,1.0
2026-08-28,4063.T,-1.14,2.5983146067415728,-0.7499,0.1264984790872058,1.9707696130654901,14979,0.3598000000000001,-0.017007017850125483,1.0
2026-08-28,6857.T,-2.13,4.564606741573034,-6.7196,0.1264984790872058,1.9707696130654901,14979,2.13,2.9674629468938765,1.0
2026-08-28,8035.T,-2.12,3.6594881398252186,-4.3215,0.1264984790872058,1.9707696130654901,14979,2.12,1.984283572390137,1.0
2026-08-28,IFX.DE,-0.32,4.02621722846442,-0.7008,0.1264984790872058,1.9707696130654901,14979,0.32,-0.35815719992805206,1.0
2026-08-31,000660.KS,0.5,6.374843945068664,-0.4779,0.12632924659247916,1.9713578833376941,15003,-0.5,-1.0154901284983737,0.0
2026-08-31,005930.KS,0.37,5.563358302122347,-1.3462,0.12632924659247916,1.9713578833376941,15003,-0.3700000000000001,-0.629493408625155,0.0
2026-08-31,2330.TW,0.2,2.052122347066167,-0.4158,0.12632924659247916,1.9713578833376941,15003,-0.2,-0.03294099892648972,0.0
2026-08-31,3436.T,0.42,6.101747815230961,-3.8529,0.12632924659247916,1.9713578833376941,15003,-0.41999999999999993,0.3256866666359368,0.0
2026-08-31,4063.T,0.18,2.5905118601747814,-0.3819,0.12632924659247916,1.9713578833376941,15003,-0.18000000000000005,-0.14114274934911364,0.0
2026-08-31,6857.T,0.34,4.556803995006242,-2.9386,0.12632924659247916,1.9713578833376941,15003,-0.33999999999999986,0.08719328171886898,0.0
2026-08-31,8035.T,0.34,3.6594881398252186,-3.5436,0.12632924659247916,1.9713578833376941,15003,-0.33999999999999986,0.24495479416051058,0.0
2026-08-31,IFX.DE,0.04,3.97940074906367,-0.1954,0.12632924659247916,1.9713578833376941,15003,-0.04000000000000001,-0.45392236900726574,0.0
