fecha,ticker,pred,sigma,alpha,n_train,gap_pct,mu_clim,sd_clim,n_clim,MAE,CRPS,DIR
2026-07-08,000660.KS,1.0558799227867282,1.5074801959097548,100.0,12591,7.3218,0.117025404779076,1.9001170410376063,14723,1.055879922786728,0.7173892593435349,0.0
2026-07-08,005930.KS,1.0558799227867282,1.5074801959097548,100.0,12591,3.964,0.117025404779076,1.9001170410376063,14723,1.0558799227867284,0.7166448630039679,0.0
2026-07-08,2330.TW,1.0558799227867282,1.5074801959097548,100.0,12591,-0.6085,0.117025404779076,1.9001170410376063,14723,-1.0558799227867282,-0.46585383979460937,0.0
2026-07-08,3436.T,1.0558799227867282,1.5074801959097548,100.0,12591,3.6166,0.117025404779076,1.9001170410376063,14723,1.055879922786728,0.7108204123735065,0.0
2026-07-08,4063.T,1.0558799227867282,1.5074801959097548,100.0,12591,-0.289,0.117025404779076,1.9001170410376063,14723,-1.0558799227867282,-0.3230296526842888,0.0
2026-07-08,6857.T,1.0558799227867282,1.5074801959097548,100.0,12591,4.9192,0.117025404779076,1.9001170410376063,14723,1.055879922786728,0.7193629114871181,0.0
2026-07-08,8035.T,1.0558799227867282,1.5074801959097548,100.0,12591,3.7862,0.117025404779076,1.9001170410376063,14723,1.055879922786728,0.7142300547357743,0.0
2026-07-08,IFX.DE,1.0558799227867282,1.5074801959097548,100.0,12591,3.798,0.117025404779076,1.9001170410376063,14723,1.055879922786728,0.7144237227383303,0.0
2026-07-09,000660.KS,2.0641946325944156,1.5074801959097548,100.0,12591,5.032,0.117025404779076,1.9001170410376063,14723,2.0641946325944156,1.7036254532541233,0.0
2026-07-09,005930.KS,2.0641946325944156,1.5074801959097548,100.0,12591,4.6763,0.117025404779076,1.9001170410376063,14723,2.0641946325944156,1.6851181874432177,0.0
2026-07-09,3436.T,2.0641946325944156,1.5074801959097548,100.0,12591,6.162,0.117025404779076,1.9001170410376063,14723,2.0641946325944156,1.7233919228303733,0.0
2026-07-09,4063.T,2.0641946325944156,1.5074801959097548,100.0,12591,3.495,0.117025404779076,1.9001170410376063,14723,2.0641946325944156,1.5065261674562538,0.0
2026-07-09,6857.T,2.0641946325944156,1.5074801959097548,100.0,12591,3.4294,0.117025404779076,1.9001170410376063,14723,2.0641946325944156,1.4884578558907748,0.0
2026-07-09,8035.T,2.0641946325944156,1.5074801959097548,100.0,12591,2.5894,0.117025404779076,1.9001170410376063,14723,2.0641946325944156,1.1483754511561188,0.0
2026-07-09,IFX.DE,2.0641946325944156,1.5074801959097548,100.0,12591,-2.454,0.117025404779076,1.9001170410376063,14723,-2.064194632594415,-2.015470042914351,0.0
2026-07-13,2330.TW,-1.5960873629942276,1.5112806189463421,100.0,12615,-1.2295,0.116722852976837,1.9025251428673713,14747,0.8629126370057725,0.42105957635016994,1.0
2026-07-13,4063.T,-1.5960873629942276,1.5112806189463421,100.0,12615,-0.6131,0.116722852976837,1.9025251428673713,14747,-0.36988736299422764,-0.044672576182121504,1.0
2026-07-13,6857.T,-1.5960873629942276,1.5112806189463421,100.0,12615,-1.7349,0.116722852976837,1.9025251428673713,14747,1.5960873629942276,0.7534801868618433,1.0
2026-07-13,IFX.DE,-1.5960873629942276,1.5112806189463421,100.0,12615,-0.9237,0.116722852976837,1.9025251428673713,14747,0.25131263700577233,0.19551136993317642,1.0
2026-07-14,000660.KS,1.055685890337589,1.512406162830702,100.0,12623,10.8207,0.11821361688902388,1.9040853853777402,14755,1.055685890337589,0.7164909420554793,0.0
2026-07-14,005930.KS,1.055685890337589,1.512406162830702,100.0,12623,7.7947,0.11821361688902388,1.9040853853777402,14755,1.055685890337589,0.7165119761500094,0.0
2026-07-14,2330.TW,1.055685890337589,1.512406162830702,100.0,12623,0.2066,0.11821361688902388,1.9040853853777402,14755,-0.642485890337589,-0.09215946013735543,0.0
2026-07-14,3436.T,1.055685890337589,1.512406162830702,100.0,12623,1.1871,0.11821361688902388,1.9040853853777402,14755,1.055685890337589,0.3202666702033614,0.0
2026-07-14,4063.T,1.055685890337589,1.512406162830702,100.0,12623,1.4857,0.11821361688902388,1.9040853853777402,14755,1.055685890337589,0.4188774671530217,0.0
2026-07-14,6857.T,1.055685890337589,1.512406162830702,100.0,12623,1.3602,0.11821361688902388,1.9040853853777402,14755,1.055685890337589,0.37935617960592777,0.0
2026-07-14,8035.T,1.055685890337589,1.512406162830702,100.0,12623,1.0825,0.11821361688902388,1.9040853853777402,14755,1.055685890337589,0.28210534728787984,0.0
2026-07-14,IFX.DE,1.055685890337589,1.512406162830702,100.0,12623,1.1139,0.11821361688902388,1.9040853853777402,14755,1.055685890337589,0.2937481801946314,0.0
2026-07-15,000660.KS,-1.4717365698094422,1.512864786637635,100.0,12631,-8.6455,0.11785825103983755,1.9041664204058246,14763,1.4717365698094422,1.3688274846776132,1.0
2026-07-15,005930.KS,-1.4717365698094422,1.512864786637635,100.0,12631,-5.3667,0.11785825103983755,1.9041664204058246,14763,1.4717365698094422,1.3662322299408935,1.0
2026-07-15,2330.TW,-1.4717365698094422,1.512864786637635,100.0,12631,-0.4098,0.11785825103983755,1.9041664204058246,14763,-0.6521365698094423,-0.1363354383888009,1.0
2026-07-15,3436.T,-1.4717365698094422,1.512864786637635,100.0,12631,-5.4001,0.11785825103983755,1.9041664204058246,14763,1.4717365698094422,1.3664278898586684,1.0
2026-07-15,4063.T,-1.4717365698094422,1.512864786637635,100.0,12631,-3.1079,0.11785825103983755,1.9041664204058246,14763,1.4717365698094422,1.2241565994652415,1.0
2026-07-15,6857.T,-1.4717365698094422,1.512864786637635,100.0,12631,-2.6658,0.11785825103983755,1.9041664204058246,14763,1.4717365698094422,1.1198597969539457,1.0
2026-07-15,8035.T,-1.4717365698094422,1.512864786637635,100.0,12631,-4.0409,0.11785825103983755,1.9041664204058246,14763,1.4717365698094422,1.3327252306906772,1.0
2026-07-15,IFX.DE,-1.4717365698094422,1.512864786637635,100.0,12631,0.1337,0.11785825103983755,1.9041664204058246,14763,-1.4717365698094422,-0.5309060760982232,-1.0
2026-07-16,2330.TW,-1.4167595012506073,1.512864786637635,100.0,12631,-3.8462,0.11785825103983755,1.9041664204058246,14763,1.4167595012506076,1.2703916218610969,1.0
2026-07-16,3436.T,-1.4167595012506073,1.512864786637635,100.0,12631,-1.5171,0.11785825103983755,1.9041664204058246,14763,1.4167595012506073,0.616802683490826,1.0
2026-07-16,4063.T,-1.4167595012506073,1.512864786637635,100.0,12631,-2.0514,0.11785825103983755,1.9041664204058246,14763,1.4167595012506073,0.8784120046097956,1.0
2026-07-16,6857.T,-1.4167595012506073,1.512864786637635,100.0,12631,-5.0607,0.11785825103983755,1.9041664204058246,14763,1.4167595012506071,1.3096158324730718,1.0
2026-07-16,8035.T,-1.4167595012506073,1.512864786637635,100.0,12631,-5.4874,0.11785825103983755,1.9041664204058246,14763,1.4167595012506071,1.3123159762678944,1.0
2026-07-16,IFX.DE,-1.4167595012506073,1.512864786637635,100.0,12631,-5.5324,0.11785825103983755,1.9041664204058246,14763,1.4167595012506071,1.3124824181627672,1.0
2026-07-17,000660.KS,0.281311580515242,1.512864786637635,100.0,12631,-5.266,0.11785825103983755,1.9041664204058246,14763,-0.28131158051524174,-0.3816688542262039,0.0
2026-07-17,005930.KS,0.281311580515242,1.512864786637635,100.0,12631,-5.4902,0.11785825103983755,1.9041664204058246,14763,-0.28131158051524174,-0.38250579694983067,0.0
2026-07-17,2330.TW,0.281311580515242,1.512864786637635,100.0,12631,0.4367,0.11785825103983755,1.9041664204058246,14763,0.281311580515242,0.10633283085392958,0.0
2026-07-17,3436.T,0.281311580515242,1.512864786637635,100.0,12631,0.0255,0.11785825103983755,1.9041664204058246,14763,-0.230311580515242,0.07601660030874702,0.0
2026-07-17,4063.T,0.281311580515242,1.512864786637635,100.0,12631,0.6707,0.11785825103983755,1.9041664204058246,14763,0.281311580515242,0.11526884809767596,0.0
2026-07-17,6857.T,0.281311580515242,1.512864786637635,100.0,12631,1.8179,0.11785825103983755,1.9041664204058246,14763,0.28131158051524197,0.08558086757246963,0.0
2026-07-17,8035.T,0.281311580515242,1.512864786637635,100.0,12631,-1.1521,0.11785825103983755,1.9041664204058246,14763,-0.28131158051524197,-0.08729599876819572,0.0
2026-07-17,IFX.DE,0.281311580515242,1.512864786637635,100.0,12631,0.8483,0.11785825103983755,1.9041664204058246,14763,0.28131158051524197,0.11808288304272718,0.0
2026-07-21,000660.KS,1.5428847741627516,1.5187306267642193,100.0,12661,7.6797,0.11509185902196171,1.9108101652036158,14793,1.5428847741627516,1.2066003657248636,0.0
2026-07-21,005930.KS,1.5428847741627516,1.5187306267642193,100.0,12661,6.5637,0.11509185902196171,1.9108101652036158,14793,1.5428847741627516,1.2065729250539974,0.0
2026-07-21,3436.T,1.5428847741627516,1.5187306267642193,100.0,12661,5.1026,0.11509185902196171,1.9108101652036158,14793,1.5428847741627516,1.2022290887276479,0.0
2026-07-21,4063.T,1.5428847741627516,1.5187306267642193,100.0,12661,0.3886,0.11509185902196171,1.9108101652036158,14793,-0.7656847741627515,-0.22684856891858834,0.0
2026-07-21,6857.T,1.5428847741627516,1.5187306267642193,100.0,12661,4.2187,0.11509185902196171,1.9108101652036158,14793,1.5428847741627516,1.1805406128355136,0.0
2026-07-21,8035.T,1.5428847741627516,1.5187306267642193,100.0,12661,4.5065,0.11509185902196171,1.9108101652036158,14793,1.5428847741627516,1.1913027397524334,0.0
2026-07-22,000660.KS,0.7989591046640219,1.518618292681916,100.0,12663,4.3716,0.11516314995230796,1.9106923357767958,14795,0.7989591046640219,0.4703232819399328,0.0
2026-07-22,005930.KS,0.7989591046640219,1.518618292681916,100.0,12663,3.263,0.11516314995230796,1.9106923357767958,14795,0.7989591046640219,0.47500840639684694,0.0
2026-07-22,2330.TW,0.7989591046640219,1.518618292681916,100.0,12663,-0.625,0.11516314995230796,1.9106923357767958,14795,-0.7989591046640219,-0.29221668531730316,0.0
2026-07-22,3436.T,0.7989591046640219,1.518618292681916,100.0,12663,4.8877,0.11516314995230796,1.9106923357767958,14795,0.7989591046640223,0.46700204330810946,0.0
2026-07-22,4063.T,0.7989591046640219,1.518618292681916,100.0,12663,1.4841,0.11516314995230796,1.9106923357767958,14795,0.7989591046640219,0.34572157974365847,0.0
2026-07-22,6857.T,0.7989591046640219,1.518618292681916,100.0,12663,3.5322,0.11516314995230796,1.9106923357767958,14795,0.7989591046640219,0.4753829856482219,0.0
2026-07-22,8035.T,0.7989591046640219,1.518618292681916,100.0,12663,0.7732,0.11516314995230796,1.9106923357767958,14795,0.7474408953359781,0.18097896687668774,0.0
2026-07-22,IFX.DE,0.7989591046640219,1.518618292681916,100.0,12663,-4.1547,0.11516314995230796,1.9106923357767958,14795,-0.7989591046640214,-0.888536318344352,0.0
2026-07-23,000660.KS,-0.7947503090982928,1.518618292681916,100.0,12663,-1.3028,0.11516314995230796,1.9106923357767958,14795,0.7947503090982928,0.4259947908568449,1.0
2026-07-23,005930.KS,-0.7947503090982928,1.518618292681916,100.0,12663,-1.4815,0.11516314995230796,1.9106923357767958,14795,0.7947503090982928,0.4731457425590618,1.0
2026-07-23,2330.TW,-0.7947503090982928,1.518618292681916,100.0,12663,-2.079,0.11516314995230796,1.9106923357767958,14795,0.7947503090982928,0.5901979909486315,1.0
2026-07-23,3436.T,-0.7947503090982928,1.518618292681916,100.0,12663,-1.8697,0.11516314995230796,1.9106923357767958,14795,0.7947503090982928,0.5560216150498796,1.0
2026-07-23,4063.T,-0.7947503090982928,1.518618292681916,100.0,12663,-1.9656,0.11516314995230796,1.9106923357767958,14795,0.7947503090982928,0.5725458888179205,1.0
2026-07-23,6857.T,-0.7947503090982928,1.518618292681916,100.0,12663,-2.2727,0.11516314995230796,1.9106923357767958,14795,0.7947503090982928,0.6159081506155495,1.0
2026-07-23,8035.T,-0.7947503090982928,1.518618292681916,100.0,12663,-1.5163,0.11516314995230796,1.9106923357767958,14795,0.7947503090982928,0.48165888620320574,1.0
2026-07-23,IFX.DE,-0.7947503090982928,1.518618292681916,100.0,12663,-1.6644,0.11516314995230796,1.9106923357767958,14795,0.7947503090982928,0.5154718283829289,1.0
2026-07-24,000660.KS,-0.7116339836467,1.518618292681916,100.0,12663,3.1268,0.11516314995230796,1.9106923357767958,14795,-0.7116339836467,-0.9596662258916551,-1.0
2026-07-24,005930.KS,-0.7116339836467,1.518618292681916,100.0,12663,3.006,0.11516314995230796,1.9106923357767958,14795,-0.7116339836467,-0.9464228358123461,-1.0
2026-07-24,2330.TW,-0.7116339836467,1.518618292681916,100.0,12663,-0.8511,0.11516314995230796,1.9106923357767958,14795,0.7116339836467,0.27741289871091923,1.0
2026-07-24,3436.T,-0.7116339836467,1.518618292681916,100.0,12663,3.8642,0.11516314995230796,1.9106923357767958,14795,-0.7116339836466996,-1.01321935085433,-1.0
2026-07-24,4063.T,-0.7116339836467,1.518618292681916,100.0,12663,-3.4169,0.11516314995230796,1.9106923357767958,14795,0.7116339836467,0.6083912958656374,1.0
2026-07-24,6857.T,-0.7116339836467,1.518618292681916,100.0,12663,1.5719,0.11516314995230796,1.9106923357767958,14795,-0.7116339836467003,-0.6456889334351933,-1.0
2026-07-24,8035.T,-0.7116339836467,1.518618292681916,100.0,12663,1.5959,0.11516314995230796,1.9106923357767958,14795,-0.7116339836467003,-0.6531634220790518,-1.0
2026-07-24,IFX.DE,-0.7116339836467,1.518618292681916,100.0,12663,1.0868,0.11516314995230796,1.9106923357767958,14795,-0.7116339836467,-0.47812036568452465,-1.0
